Stable ID,Category,Title,Issue,Advice,Examples – Pass,Examples – Fail,Accessibility Consideration,References,Rationale,Enforcement Level,Roles,Severity,Metrics Affected,Platform-wise Applicability,Page-wise Applicability,Component-wise Applicability,Context-wise Applicability,Evidence Type,AI Support,Confidence Weight,Version
TC-001,Trust & Credibility,Ensure SSL/TLS encryption is implemented and HTTPS is enforced on the website,"• Absence of HTTPS exposes data transmitted between users and government servers. • Users observe “Not Secure” warnings or missing padlock icons in the browser. • This increases risk of data interception, erodes public trust, and violates mandated government security norms.",• Implement valid SSL/TLS certificates across all URLs. • Enforce HTTPS for both desktop and mobile web. • Redirect all HTTP traffic to HTTPS automatically.,• URL starts with https:// and shows a secure padlock icon. • No mixed-content warnings across pages.,• Website loads over http://. • Browser displays “Not Secure” warnings. • Mixed HTTP/HTTPS assets present.,• Secure connections ensure assistive-technology users can safely submit personal data without security interruptions. • Reduces anxiety and abandonment caused by browser security alerts.,GIGW 3.0 – Section 5.3.2 (Security Guidelines),"SSL/TLS encryption is a foundational security requirement for government digital services to protect data integrity and confidentiality. Enforcing HTTPS prevents man-in-the-middle attacks, reassures citizens through visible security indicators, and ensures compliance with nationally mandated standards such as GIGW. Failure to implement HTTPS undermines trust, exposes sensitive data, and creates systemic security risk across the platform.",Foundational,Developer,Big Issue,"User trust, Drop-offs","🌐 Website (Desktop), 📱 Website (Mobile View)",Common (All pages),Not component-specific,"Public-facing access, Secure data transmission",DOM,Deterministic,0.95,v3.0.0
TC-002,Trust & Credibility,Ensure ownership and management information is clearly displayed on the website,• Missing or unclear ownership details prevent users from identifying the responsible authority. • Users question authenticity when department or organisation details are not visible. • This reduces trust and violates mandatory government identification norms.,• Display owning and managing department/organisation clearly. • Place ownership details on homepage and footer. • Include basic official identifiers alongside ownership information.,• Department/organisation name clearly shown in footer. • Homepage includes ownership information.,• No ownership details on homepage or footer. • Ownership buried in PDFs or inaccessible pages.,• Clear ownership indicators reduce cognitive load and help users quickly validate official sources.,GIGW 3.0 – Section 2.2 (Website Identification Guidelines),"Visible ownership disclosure establishes authenticity, accountability, and trust in government digital services. It is a mandated requirement under national governance standards to help citizens quickly verify that a service is official and reliable.",Foundational,Designer,Medium Issue,"User trust, Drop-offs","🌐 Website (Desktop), 📱 Website (Mobile View)","Homepage, Common",Footer,"Official identification, Trust establishment","Content, Visual",Evaluative,0.85,v3.0.0
TC-003,Trust & Credibility,Display official state emblems and ownership identification on mobile app splash screens,• Absence of official emblems and ownership labels on app launch creates authenticity doubts. • Users may mistrust or abandon apps that do not appear officially endorsed. • This undermines trust and violates branding and identity standards.,• Display DBIM-compliant logo lockups on splash screens. • Show state emblem with correct ratio and colors. • Include ownership information in Hindi and English.,• Splash screen shows state emblem and department name correctly. • Branding follows DBIM specifications.,• Splash screen lacks official emblem or ownership details. • Incorrect or distorted emblem usage.,• Properly labelled emblems with alternate text support screen reader users during app launch.,"GIGW 3.0 (5.1.1, 5.1.2), DBIM Section 5.2","First-launch identification is critical for establishing trust in government mobile applications. Prominent display of official emblems and ownership ensures authenticity, legal compliance, and citizen confidence from the first interaction.",Foundational,"Designer, Developer",Big Issue,"User trust, App abandonment",📲 Mobile App,App launch,Splash screen,"First-time app use, Identity verification",Visual,Assisted,0.75,v3.0.0
TC-004,Trust & Credibility,Ensure clear and accessible contact details are provided on the website,• Missing or hidden contact details prevent users from seeking help. • Users feel unsupported when email or phone information is unavailable. • This reduces transparency and trust in government services.,• Display official email address and phone number clearly. • Place contact details in footer and on a dedicated contact page.,• Footer displays official email and phone number. • Dedicated contact page available.,• No visible contact details. • Contact information only in downloadable documents.,• Clear contact details help users with disabilities seek assistance without additional navigation effort.,GIGW 3.0 – Section 2.5 (Contact Information),"Accessible contact information is a core trust and transparency requirement for citizen-facing services. It reassures users that support and accountability mechanisms are in place, as mandated by governance standards.",Foundational,Designer,Medium Issue,"User trust, Drop-offs","🌐 Website (Desktop), 📱 Website (Mobile View)","Homepage, Contact-us",Footer,"User support, Transparency","Content, Visual",Evaluative,0.85,v3.0.0
TC-005,Trust & Credibility,Obtain explicit user consent before collecting or storing personal data,"• Data is collected without explicit user consent. • Users are unaware of data storage or usage practices. • This creates legal, trust, and compliance risks.",• Implement clear opt-in consent mechanisms. • Use consent banners or forms before data collection. • Clearly link consent to stated purposes.,• Cookie or data consent banner with opt-in action. • Clear consent language linked to data usage.,• Data collected automatically without consent. • Pre-checked or hidden consent mechanisms.,"• Clear consent flows help all users, including assistive-technology users, understand and control data usage.","GIGW 3.0 – 2.6.3, BIS IS 17428:2020, DBIM, DPDP Act 2023","Explicit consent is a legal and ethical requirement for government digital services. Obtaining informed, purpose-specific consent protects citizen rights, builds trust, and ensures compliance with national data protection and governance laws.",Foundational,Developer,Big Issue,"User trust, Legal risk, Drop-offs","🌐 Website (Desktop), 📱 Website (Mobile View), 📲 Mobile App",Common,Consent banner,"Data collection, Privacy notice","Interaction, Content",Assisted,0.65,v3.0.0
TC-006,Trust & Credibility,Clearly inform users about what data is collected and how it is used,• Users are not informed about the types of data being collected. • Users do not understand the purpose of data usage. • This creates trust erosion and legal non-compliance risks.,• Clearly disclose data types collected. • Explain purposes of data usage in simple language. • Present disclosures before or at the point of data collection.,• Privacy notice lists data types and purposes clearly. • Disclosure visible before form submission.,• Data collected without disclosure. • Vague or generic privacy statements.,• Clear disclosures support cognitive accessibility and informed consent for assistive-technology users.,"GIGW 3.0 – 2.6.3, BIS IS 17428:2020, DBIM, DPDP Act 2023",Transparent data disclosure is a mandatory requirement for citizen trust and lawful data processing. Clearly informing users about data collection and usage supports informed decision-making and ensures compliance with governance and data protection standards.,Foundational,Developer,Big Issue,"User trust, Legal risk, Drop-offs","🌐 Website (Desktop), 📱 Website (Mobile View)",Common,Privacy notice,"Data collection, User notice",Content,Assisted,0.6,v3.0.0
TC-007,Trust & Credibility,Display the National Emblem prominently in the website or app header,• Absence or poor placement of the National Emblem reduces perceived authenticity. • Users may doubt whether the platform is an official government service. • This weakens trust and violates identity standards.,"• Place the National Emblem prominently in the header. • Follow official size, color, and placement guidelines.",• National Emblem visible in header on homepage. • Correct emblem proportions and placement.,"• Emblem missing, distorted, or placed inconsistently.",• Proper emblem display supports visual recognition for users with cognitive disabilities.,"GIGW 3.0 – Section 2.2.1, DBIM","The National Emblem serves as a primary visual indicator of official government authority. Proper display establishes legitimacy, reinforces trust, and ensures compliance with national identity and branding standards.",Foundational,Designer,Medium Issue,User trust,"🌐 Website (Desktop), 📱 Website (Mobile View), 📲 Mobile App","Homepage, Common",Header,Official identity,Visual,Evaluative,0.9,v3.0.0
TC-008,Trust & Credibility,Implement trusted government login systems for user authentication,• Absence of trusted login systems weakens authentication assurance. • Users face fragmented or insecure login experiences. • This increases security and trust risks.,• Integrate trusted login systems such as Meri Pehchan. • Ensure secure and consistent authentication flows.,• Login via Meri Pehchan available. • Secure government-backed authentication flow.,• Only local or insecure login mechanisms present.,• Standardized login flows improve accessibility and reduce cognitive effort for users.,"GIGW 3.0 – 4.2, BIS IS 17428:2020, DBIM","Trusted login systems standardize authentication, reduce security risks, and improve user confidence. Their use aligns with national digital identity and secure access initiatives.",Foundational,Developer,Big Issue,"User trust, Security risk, Drop-offs","🌐 Website (Desktop), 📱 Website (Mobile View), 📲 Mobile App","Sign-up, Login",Login module,Authentication,Interaction,Assisted,0.7,v3.0.0
TC-009,Trust & Credibility,Provide a clear grievance redressal mechanism for users,• Users cannot easily submit complaints or feedback. • Lack of grievance mechanisms reduces accountability. • This undermines trust and service quality.,"• Provide a visible grievance or feedback mechanism. • Place access links prominently (e.g., footer).",• Dedicated grievance form or feedback link available.,• No grievance or feedback mechanism present.,• Accessible grievance channels support inclusive participation for all users.,"GIGW 3.0 – 2.5.3, DBIM, BIS IS 17428:2020",Grievance redressal mechanisms are essential for accountability and responsive governance. They empower citizens to raise concerns and support continuous service improvement.,Foundational,"Designer, Developer",Big Issue,"User trust, Drop-offs","🌐 Website (Desktop), 📱 Website (Mobile View), 📲 Mobile App",Common,Footer,"Feedback, Complaints",Interaction,Assisted,0.75,v3.0.0
TC-010,Trust & Credibility,Allow users to track the status of submitted grievances,• Users cannot track grievance resolution status. • Lack of updates increases follow-ups and dissatisfaction. • This reduces transparency and trust.,• Provide grievance tracking using reference numbers or login. • Display status updates clearly.,• Users can view complaint status online.,• No tracking or status visibility provided.,• Status tracking supports clarity for users with cognitive or memory impairments.,"GIGW 3.0 – 2.5.5, DBIM, BIS IS 17428:2020","Complaint tracking improves transparency, reduces uncertainty, and demonstrates responsive governance by keeping citizens informed throughout resolution.",Foundational,"Designer, Developer",Medium Issue,"User trust, CSAT, Drop-offs","🌐 Website (Desktop), 📱 Website (Mobile View), 📲 Mobile App",Grievance pages,Tracking module,Complaint resolution,Interaction,Assisted,0.55,v3.0.0
TC-011,Trust & Credibility,Communicate grievance resolutions clearly to users,• Users are not informed when their grievances are resolved. • Lack of resolution communication causes uncertainty and repeat follow-ups. • This reduces trust and perceived responsiveness of the system.,"• Notify users when grievances are resolved. • Communicate outcomes via status updates, messages, or notifications.",• User receives resolution status or message. • Resolution details visible in grievance history.,• No notification or update after grievance submission.,• Clear resolution messages support users with cognitive and memory impairments.,"GIGW 3.0 – 2.5.5, BIS IS 17428:2020, DBIM","Communicating grievance resolutions is essential for transparent and responsive governance. Timely updates close the feedback loop, reduce user anxiety, and demonstrate accountability in service delivery.",Foundational,Developer,Medium Issue,"User trust, CSAT, Drop-offs","🌐 Website (Desktop), 📱 Website (Mobile View)",Grievance pages,Notification area,Grievance resolution,"Interaction, Content",Assisted,0.55,v3.0.0
TC-012,Trust & Credibility,"Provide a system for users to submit feedback, reviews, and ratings",• Users cannot easily share feedback or ratings. • Lack of feedback channels limits service improvement. • This weakens participation and accountability.,• Provide feedback forms or rating widgets. • Make feedback mechanisms easily accessible.,• Feedback form or rating widget available.,• No feedback or review mechanism present.,• Multiple feedback options support inclusive participation for diverse users.,"GIGW 3.0 – 2.5.6, DBIM, BIS IS 17428:2020","Feedback systems enable citizen participation and continuous service improvement. They support transparency, accountability, and user-centric governance practices.",Optimizing,"Designer, Developer",Small Issue,"User trust, Engagement","🌐 Website (Desktop), 📱 Website (Mobile View), 📲 Mobile App",Common,Feedback module,User feedback,Interaction,Assisted,0.7,v3.0.0
TC-013,Trust & Credibility,Inform users before redirecting them to external websites,• Users are redirected without prior notice. • Unexpected redirection reduces trust and perceived security. • This violates transparency requirements.,• Display external link warnings or indicators. • Inform users before navigating away from the site.,• External link warning or confirmation shown.,• Immediate redirection without notice.,• Warnings help screen-reader users understand navigation context changes.,"GIGW 3.0 – 2.7.2, DBIM, BIS IS 17428:2020",Advance notification of external redirection maintains transparency and protects user trust by clearly signalling context changes and security boundaries.,Foundational,"Designer, Developer",Medium Issue,"User trust, Drop-offs","🌐 Website (Desktop), 📱 Website (Mobile View), 📲 Mobile App",Common,External links,Navigation transparency,"Interaction, Visual",Assisted,0.8,v3.0.0
TC-014,Trust & Credibility,Minimize external redirects and outbound links in mobile applications,• Excessive external redirects expose users to security risks. • Users lose trust when leaving the app frequently. • This weakens app security posture.,• Prefer deep linking and in-app flows. • Restrict and secure necessary external links.,• Services open via deep links or in-app views.,• Frequent redirection to external browsers.,• In-app navigation reduces cognitive load and context loss.,GIGW 3.0 – Cybersecurity Guidelines 5.3,"Reducing external redirects in mobile apps limits security exposure and preserves user trust by keeping interactions within controlled, authenticated environments.",Optimizing,Developer,Medium Issue,"User trust, Security risk",📲 Mobile App,App flows,Navigation,Secure service access,"System, Interaction",Assisted,0.6,v3.0.0
TC-015,Trust & Credibility,Ensure Privacy Policy and Terms & Conditions are available on the website,• Users cannot access legal and policy information. • Missing policies create legal and trust risks. • This violates mandatory compliance requirements.,• Publish Privacy Policy and Terms & Conditions pages. • Ensure links are easily accessible from footer or key pages.,• Footer links to Privacy Policy and Terms pages.,• Policies missing or inaccessible.,• Accessible policy pages support informed decision-making for all users.,GIGW 3.0 – Legal & Policy Requirements,"Availability of legal policies is a foundational compliance requirement. Clear access to Privacy Policy and Terms builds trust, supports informed consent, and ensures legal transparency.",Foundational,"Designer, Developer",Big Issue,"User trust, Legal risk","🌐 Website (Desktop), 📱 Website (Mobile View)",Common,Footer,Legal transparency,Content,Evaluative,0.9,v3.0.0
TC-016,Trust & Credibility,Ensure privacy policies and terms are accessible before users access core functionality,• Users access core features without reviewing legal policies. • Consent is obtained after functionality use begins. • This results in uninformed consent and legal non-compliance.,• Present Privacy Policy and Terms before authentication or feature access. • Require explicit acknowledgement prior to data collection.,• Pre-auth screen displays policies with mandatory acknowledgment.,• Policies accessible only after login or data submission.,"• Pre-access policy viewing supports informed decision-making for all users, including cognitive accessibility needs.","GIGW 3.0 – 5.4, WCAG 2.1 SC 3.2.2","Providing access to legal documents before functionality ensures informed, lawful consent and protects citizens’ data rights. It aligns with lifecycle governance requirements and prevents retroactive or invalid consent collection.",Foundational,"Designer, Developer",Big Issue,"User trust, Legal risk",📲 Mobile App,Pre-auth flows,Policy viewer,Consent initiation,"Interaction, Content",Assisted,0.6,v3.0.0
TC-017,Trust & Credibility,Ensure legal documents are consistently accessible from profile and navigation menus,• Users cannot easily locate legal documents during usage. • Inconsistent access creates transparency gaps. • This weakens trust and compliance perception.,• Provide persistent access to policies from profile and side menu. • Maintain clear navigation to legal documents at all times.,• Legal section accessible from profile and menu.,• Policies hidden deep within app flows.,• Persistent navigation supports users with memory or orientation challenges.,GIGW 3.0 – 5.1.4,Continuous access to legal information reinforces transparency and empowers users to review rights and obligations at any stage of interaction.,Optimizing,"Designer, Developer",Medium Issue,User trust,📲 Mobile App,Common,"Side menu, Profile",Ongoing legal access,"Interaction, Visual",Assisted,0.65,v3.0.0
TC-018,Trust & Credibility,Provide a clearly visible “Contact Us” link on the website,• Users struggle to find support or contact options. • Missing contact access increases frustration. • This reduces transparency and trust.,"• Display a visible “Contact Us” link. • Place it consistently in header, footer, or navigation.",• “Contact Us” link visible on homepage and footer.,• Contact link missing or hidden.,• Consistent placement supports navigation predictability for assistive-technology users.,"GIGW 3.0 – 3.1.2, WCAG 2.1 SC 3.2.3, DBIM",Clear contact access demonstrates openness and accountability. It reassures users that assistance is available and supports transparent governance practices.,Foundational,"Designer, Developer",Medium Issue,"User trust, Drop-offs","🌐 Website (Desktop), 📱 Website (Mobile View)","Homepage, Common","Header, Footer",User support access,"Content, Visual",Evaluative,0.85,v3.0.0
TC-019,Trust & Credibility,Distribute mobile applications through official government and recognised app stores,• Apps distributed through unofficial channels reduce trust. • Users question authenticity and security. • This increases security and compliance risks.,• Publish apps on gov.in app store and recognised commercial stores. • Maintain consistent metadata and certification compliance.,• App listed on gov.in app store and Google Play / App Store.,• App distributed via unofficial links or APKs.,• Official stores provide accessibility and security assurances for all users.,"GIGW 3.0 Distribution, BIS IS 17802:2022","Official distribution channels validate authenticity, ensure security vetting, and protect users from fraudulent or tampered applications.",Foundational,Developer,Big Issue,"User trust, Security risk",📲 Mobile App,App distribution,App stores,App authenticity,System,Assisted,0.75,v3.0.0
TC-020,Trust & Credibility,Implement mandated security protocols and obtain required government cybersecurity certifications,• Required security controls and certifications are missing. • Systems are exposed to cybersecurity threats. • This creates severe legal and operational risks.,"• Obtain mandated certifications (CERT-In, STQC). • Implement secure SDLC and continuous security practices.",• Valid cybersecurity certifications present. • Regular audits and security updates implemented.,• No certification or outdated security practices.,• Secure systems protect vulnerable users relying on digital services.,GIGW 3.0 – Cybersecurity 5.3,Strong cybersecurity posture is essential for protecting citizen data and maintaining trust in government digital systems. Compliance with mandated certifications ensures resilience against threats and legal adherence.,Foundational,Developer,Big Issue,"Security risk, Legal risk, User trust",📲 Mobile App,Common,Infrastructure,Platform security,System,Assisted,0.8,v3.0.0
TC-021,Trust & Credibility,Provide a comprehensive and transparent “About Us” section in the application,"• Users cannot easily understand who operates the application. • Missing version, ownership, or legal details reduce transparency. • This weakens trust and compliance perception.","• Include organisation details, ownership, version metadata, and legal links. • Keep information structured, searchable, and up to date.","• About Us page shows organisation name, version number, legal links, and support contacts.",• About Us page missing ownership or version information.,• Structured information supports users with cognitive disabilities and screen-reader navigation.,GIGW 3.0 – 5.1.9,"A well-structured “About Us” section acts as a transparency anchor for government applications. It enables users to verify authenticity, understand accountability, and access critical legal and support information.",Optimizing,"Designer, Developer",Medium Issue,User trust,📲 Mobile App,About-us,About Us section,Organisational transparency,"Content, Visual",Assisted,0.65,v3.0.0
TC-022,Trust & Credibility,Apply visual brand identity consistently across all application interfaces,"• Inconsistent colours, typography, or logos create fragmented brand perception. • Users may question authenticity due to visual inconsistency. • This weakens trust and recognition.","• Apply DBIM colour, typography, and logo standards consistently. • Maintain a unified design system across screens.","• Consistent colours, fonts, and logos across screens.",• Mixed colour palettes or typography styles.,• Consistent visuals improve readability and reduce cognitive load.,"DBIM Sections 2, 4, 5; GIGW 3.0 – 5.1.1","Consistent visual identity reinforces authenticity, recognisability, and professionalism of government digital services. It reduces cognitive friction and strengthens trust signals.",Optimizing,Designer,Small Issue,"User trust, Recognition",📲 Mobile App,Common,UI components,Brand consistency,Visual,Evaluative,0.7,v3.0.0
TC-023,Trust & Credibility,Implement mandatory data security controls across the application,• Data is insufficiently protected at rest or in transit. • Weak authentication or access control exposes systems to breaches. • This creates severe legal and operational risks.,"• Implement encryption, secure authentication, and access control. • Conduct regular audits and follow secure coding practices.",• Encrypted storage and secure authentication in place. • Regular security audits conducted.,• Plaintext data storage or weak authentication mechanisms.,• Secure systems protect vulnerable users dependent on digital services.,GIGW 3.0 – Cybersecurity 5.3,Strong data security controls are essential to protect citizen information and maintain trust. Compliance with mandated cybersecurity requirements reduces breach risks and ensures regulatory adherence.,Foundational,Developer,Big Issue,"Security risk, Legal risk, User trust",📲 Mobile App,Common,Infrastructure,Data protection,System,Assisted,0.8,v3.0.0
TC-024,Trust & Credibility,Transparently communicate data practices and user rights through clear notices and consent,• Users are unaware of how their data is collected or used. • Consent mechanisms are unclear or insufficient. • This leads to mistrust and non-compliance risks.,"• Provide clear privacy notices and granular consent controls. • Enable users to manage rights such as access, correction, and deletion.",• Clear privacy notice with consent options available. • Privacy dashboard accessible to users.,• Vague or missing data practice disclosures.,"• Plain-language notices improve understanding for all users, including those with cognitive disabilities.","GIGW 3.0 – 5.4; WCAG 2.1 SC 3.1.1, 3.1.2","Transparent communication of data practices empowers users, ensures informed consent, and aligns with privacy-by-design principles mandated for government digital services.",Foundational,Developer,Big Issue,"User trust, Legal risk",📲 Mobile App,"Pre-auth, Common",Privacy notice,Data transparency,"Content, Interaction",Assisted,0.6,v3.0.0
WS-001,Walkthrough Screens,"Explain complex features using plain, easy-to-understand language","• Complex feature explanations use jargon or technical terms. • Users with low or varied literacy struggle to understand functionality. • This leads to confusion, abandonment, and misuse of features.",• Use plain language (6th–8th grade reading level). • Keep sentences short and action-oriented. • Introduce complexity progressively with contextual help.,• Walkthrough text uses simple words and short sentences. • Tooltips explain unavoidable technical terms.,• Dense paragraphs with technical jargon. • Long sentences explaining multiple concepts at once.,• Supports users with cognitive disabilities and low literacy by reducing comprehension effort.,"GIGW 3.0 – 5.1; WCAG 2.1 SC 3.1.3, 3.1.5","Plain language reduces cognitive barriers and ensures inclusive access to digital services. It enables users across literacy levels to understand functionality, supporting equitable service adoption.",Foundational,"Designer, Content",Medium Issue,"Drop-offs, Task failure",📲 Mobile App,Onboarding,Walkthrough screens,Feature introduction,Content,Assisted,0.65,v3.0.0
WS-002,Walkthrough Screens,Limit cognitive load through focused and well-structured walkthrough content,• Walkthrough screens contain excessive or unfocused information. • Users feel overwhelmed and skip onboarding. • This reduces feature understanding and completion rates.,• Present one primary concept per screen. • Use chunking and progressive disclosure. • Remove decorative or redundant content.,• Screens contain a single task or concept. • Content grouped into clear sections.,• Screens overloaded with text and multiple actions.,• Reduced cognitive load benefits users with attention and memory limitations.,WCAG 2.1 SC 2.4.8; GIGW 3.0 – 5.1,Managing cognitive load is essential for effective onboarding. Focused information presentation improves comprehension and reduces abandonment during walkthroughs.,Optimizing,Designer,Medium Issue,"Drop-offs, Task completion",📲 Mobile App,Onboarding,Walkthrough screens,Cognitive onboarding,"Visual, Content",Assisted,0.6,v3.0.0
WS-003,Walkthrough Screens,Use graphics and animations purposefully to support understanding,• Decorative or excessive animations distract users. • Graphics lack accessibility alternatives. • This impairs comprehension and accessibility compliance.,• Use graphics only when they clarify concepts. • Respect reduced-motion preferences. • Provide text alternatives for visuals.,• Illustrations clarify steps. • Animations respect reduced-motion settings.,• Auto-playing animations with no control. • Missing alt text for graphics.,• Supports users with motion sensitivity and screen reader users.,"GIGW 3.0 – 5.1; WCAG 2.1 SC 1.1.1, 2.2.2",Purposeful visuals enhance comprehension when used sparingly and accessibly. Accessible animations support understanding without excluding users sensitive to motion or non-text content.,Optimizing,Designer,Small Issue,"Engagement, Drop-offs",📲 Mobile App,Onboarding,Walkthrough screens,Visual explanation,Visual,Assisted,0.7,v3.0.0
WS-004,Walkthrough Screens,Introduce features progressively to avoid overwhelming users,• Too many features are introduced at once. • Users skip or abandon walkthroughs. • This reduces onboarding effectiveness.,• Use step-by-step onboarding with progress indicators. • Allow skipping and revisiting steps.,• Walkthrough limited to 3–4 focused steps. • Progress indicators visible.,• Long walkthroughs with dense information per screen.,• Step-by-step flows support users with cognitive processing difficulties.,GIGW 3.0 – 5.1; WCAG 2.1 SC 3.3.2,"Progressive disclosure aligns feature introduction with user readiness, improving comprehension and walkthrough completion rates.",Foundational,Designer,Medium Issue,"Drop-offs, Onboarding completion",📲 Mobile App,Onboarding,Walkthrough flow,Feature discovery,Interaction,Assisted,0.65,v3.0.0
WS-005,Walkthrough Screens,Clearly communicate the core value proposition during walkthroughs,• Walkthroughs focus on features without explaining benefits. • Users do not understand why the app is valuable. • This reduces motivation to continue.,• Highlight core benefits early. • Visually emphasize high-value features.,• Benefits stated clearly on first walkthrough screen.,• Feature lists without explaining user value.,• Clear benefits help users with cognitive limitations grasp purpose quickly.,GIGW 3.0 – 5.1,Clear value communication helps users quickly understand relevance and encourages continued engagement with the application.,Foundational,"Designer, Product",Medium Issue,"Engagement, Drop-offs",📲 Mobile App,Onboarding,Walkthrough screens,Value communication,"Content, Visual",Assisted,0.6,v3.0.0
WS-006,Walkthrough Screens,Ensure walkthrough text meets accessibility standards for readability,"• Text size, contrast, or spacing is insufficient. • Users struggle to read walkthrough content. • This creates accessibility violations and exclusion.",• Use minimum font sizes and contrast ratios. • Support text scaling and system fonts. • Maintain readable spacing.,• Text meets contrast and size requirements. • Text scales up to 200% without loss.,• Low contrast text. • Fixed font sizes that do not scale.,• Essential for users with low vision or reading impairments.,WCAG 2.1/2.2 SC 1.4.x; GIGW 3.0 – 5.2,"Readable text is a foundational accessibility requirement. Compliance ensures that all users, including those with visual impairments, can access onboarding content.",Foundational,"Designer, Developer",Big Issue,"Task failure, Accessibility risk",📲 Mobile App,Onboarding,Text elements,Readability,Visual,Evaluative,0.85,v3.0.0
WS-007,Walkthrough Screens,Implement comprehensive screen reader support with semantic structure,• Screen readers cannot correctly interpret walkthrough content. • Focus order is illogical or elements are unlabeled. • This prevents non-visual users from completing onboarding.,• Add semantic labels and roles to all UI elements. • Ensure logical focus order and announce dynamic changes. • Provide alternative navigation paths.,• TalkBack/VoiceOver reads elements in correct order. • All icons and images have meaningful labels.,• Unlabeled buttons. • Focus jumps unpredictably.,• Essential for blind and low-vision users relying on assistive technologies.,"WCAG 2.1 SC 1.3.1, 2.4.3, 4.1.2; WCAG 2.2 SC 2.4.11; GIGW 3.0 – 5.2",Full screen reader support is a foundational accessibility requirement. Proper semantics and focus management ensure that visually impaired users can independently understand and complete onboarding flows.,Foundational,"Designer, Developer",Big Issue,"Task failure, Accessibility risk",📲 Mobile App,Onboarding,Walkthrough screens,Assistive navigation,"DOM, Interaction",Deterministic,0.9,v3.0.0
WS-008,Walkthrough Screens,Keep onboarding sequences concise while ensuring comprehension,• Onboarding has too many screens or excessive content. • Users rush or skip without understanding. • This reduces feature adoption.,• Limit onboarding to optimal screen count. • Focus on essential concepts only. • Validate comprehension through testing.,• 3–4 focused onboarding screens.,"• Long, repetitive onboarding flows.",• Short sequences benefit users with cognitive or attention limitations.,GIGW 3.0 – 5.1,Concise onboarding respects user time and attention while improving understanding. Optimized sequences reduce drop-offs and improve early engagement.,Optimizing,"Designer, Product",Medium Issue,"Drop-offs, Onboarding completion",📲 Mobile App,Onboarding,Walkthrough flow,First-time use,Interaction,Assisted,0.55,v3.0.0
WS-009,Walkthrough Screens,Allow users to skip onboarding and access it later,• Users are forced through onboarding. • No way to revisit guidance later. • This causes frustration and missed learning.,• Provide skip option on all onboarding screens. • Allow access to walkthroughs later from settings or help.,• Visible “Skip” button present. • Tutorial accessible from menu later.,• No skip option. • Walkthrough inaccessible after first use.,• User control benefits users with anxiety or slower processing speed.,GIGW 3.0 – 5.1; WCAG 2.1 SC 2.4.6,Optional onboarding respects user autonomy while preserving learning access when needed.,Foundational,Designer,Medium Issue,"Drop-offs, User frustration",📲 Mobile App,Onboarding,Walkthrough controls,Learning access,Interaction,Assisted,0.65,v3.0.0
WS-010,Walkthrough Screens,Maintain consistent brand voice and communication style during onboarding,• Inconsistent tone across walkthrough screens. • Conflicting terminology confuses users. • This weakens brand trust.,• Apply a consistent content style guide. • Use uniform terminology and tone across screens.,• Same tone and terminology across all steps.,• Mixed formal and informal language.,• Predictable language benefits users with cognitive disabilities.,GIGW 3.0 – 5.1,"Consistent brand voice builds familiarity, credibility, and confidence, especially for first-time users.",Optimizing,"Content, Designer",Small Issue,"User trust, Engagement",📲 Mobile App,Onboarding,Walkthrough copy,Brand communication,Content,Assisted,0.6,v3.0.0
WS-011,Walkthrough Screens,Use supportive and confidence-building language in onboarding,• Language feels intimidating or overly technical. • Users feel anxious or unsure. • This discourages engagement.,"• Use encouraging, friendly language. • Avoid negative or commanding phrasing.",• Encouraging microcopy (“You’re almost done”).,• Threatening or directive language.,• Positive tone supports users with anxiety or low confidence.,DBIM Communication Guidelines; GIGW 3.0 – 5.1,"Supportive language reduces anxiety and increases confidence, leading to better onboarding completion and engagement.",Optimizing,Content,Small Issue,"Engagement, Drop-offs",📲 Mobile App,Onboarding,Walkthrough copy,Emotional onboarding,Content,Assisted,0.55,v3.0.0
WS-012,Walkthrough Screens,Support Indian languages with culturally appropriate localization,• Onboarding content is only in one language. • Cultural or language barriers prevent understanding. • This excludes large user groups.,• Support scheduled Indian languages. • Adapt content culturally and linguistically. • Ensure correct language tagging and RTL support if applicable.,• Language switch available with localized content.,• Only English onboarding provided.,• Critical for users with limited proficiency in English.,GIGW 3.0 – 5.1; WCAG 2.1 SC 3.1.2,Multilingual and culturally adapted onboarding ensures inclusivity and equitable access for India’s diverse user base.,Foundational,"Designer, Developer",Big Issue,"Task failure, Accessibility risk",📲 Mobile App,Onboarding,Language selector,Localization,Content,Assisted,0.7,v3.0.0
MFA-001,Mobile First Approach,Ensure core content and primary functionality are accessible on mobile screens,"• Core content or key actions are hidden or truncated on mobile. • Users must zoom, scroll excessively, or switch devices. • This leads to task failure and poor mobile adoption.",• Prioritize core content and actions for mobile view. • Use responsive layouts and touch-friendly elements. • Ensure parity of functionality between mobile and desktop.,"• Navigation, forms, and services fully usable on mobile.",• Key actions unavailable or broken on mobile.,• Reduces barriers for users with motor or visual impairments relying on mobile devices.,GIGW 3.0 – 3.2; WCAG 2.1; BIS IS 17802:2022,Mobile access is the primary entry point for many citizens. Ensuring full access to core functionality on mobile is foundational to equitable service delivery and compliance with mobile compatibility standards.,Foundational,"Designer, Developer",Big Issue,"Task failure, Drop-offs","📱 Website (Mobile View), 📲 Mobile App",Common,"Core UI, Navigation",Primary task access,"DOM, Visual",Deterministic,0.9,v3.0.0
MFA-002,Mobile First Approach,"Implement responsive layouts using flexible grids, fluid images, and media queries",• Layouts break or overflow on different screen sizes. • Content requires horizontal scrolling. • This degrades usability and accessibility.,• Use flexible grids and fluid media. • Apply media queries for breakpoints. • Test across device sizes and orientations.,• Layout adapts cleanly across screen sizes.,• Fixed-width layouts cause overflow.,• Reflow prevents loss of content for users who zoom or resize text.,GIGW 3.0 – 3.1; WCAG 2.1 SC 1.4.10; BIS IS 17802:2022,"Responsive design ensures consistent access across devices and orientations, preventing layout-related barriers and supporting scalable digital services.",Optimizing,"Designer, Developer",Medium Issue,"Drop-offs, Readability","🌐 Website (Desktop), 📱 Website (Mobile View)",Common,Layout grid,Responsive adaptation,"DOM, Visual",Deterministic,0.85,v3.0.0
MFA-003,Mobile First Approach,Design touch targets with adequate size for reliable interaction,• Touch targets are too small or tightly packed. • Users make accidental taps. • This increases errors and frustration.,• Ensure minimum touch target size (48×48px). • Add padding around icons. • Use clear visual affordances.,• Buttons meet size guidelines and are easy to tap.,• Small icons without padding.,• Improves usability for users with motor impairments.,GIGW 3.0 – 3.2.1; WCAG 2.2 SC 2.5.8; BIS IS 17802:2022,"Adequately sized touch targets are critical for error-free interaction on mobile, especially for users with limited motor control or larger fingers.",Foundational,"Designer, Developer",Big Issue,"Rage clicks, Task failure",📱 Website (Mobile View),Common,"Buttons, Links",Touch interaction,Visual,Evaluative,0.8,v3.0.0
MFA-004,Mobile First Approach,Provide sufficient spacing between interactive elements to prevent accidental taps,• Interactive elements are placed too close together. • Users trigger unintended actions. • This increases error rates.,• Maintain adequate spacing (8–12px or more). • Use grouping and visual separation. • Avoid dense layouts.,• Buttons clearly separated and easy to target.,• Links clustered too closely.,• Supports users with tremors or limited dexterity.,GIGW 3.0 – 3.2.1; WCAG 2.1 SC 2.5.5; BIS IS 17802:2022,Proper spacing reduces accidental interactions and improves comfort and accuracy on touch interfaces.,Optimizing,"Designer, Developer",Medium Issue,"Error rate, Rage clicks","📱 Website (Mobile View), 📲 Mobile App",Common,"Forms, Buttons",Touch accuracy,Visual,Assisted,0.65,v3.0.0
MFA-005,Mobile First Approach,Use mobile-friendly navigation patterns aligned with platform conventions,• Navigation relies on desktop or hover-based patterns. • Users struggle to find or reach destinations. • This increases abandonment.,• Use hamburger menus or bottom navigation. • Limit primary options to 3–5 items. • Pair icons with text labels.,• Bottom navigation with labeled icons.,• Hover-based menus on mobile.,• Consistent navigation supports screen reader and keyboard users.,GIGW 3.0 – 3.2.2; WCAG 2.1 – 2.4; BIS IS 17802:2022,"Familiar mobile navigation patterns reduce learning effort and improve discoverability, especially for first-time users.",Optimizing,"Designer, Developer",Medium Issue,"Drop-offs, Navigation errors","📱 Website (Mobile View), 📲 Mobile App",Common,Navigation menu,Mobile navigation,Interaction,Assisted,0.75,v3.0.0
MFA-006,Mobile First Approach,Minimize loading time using efficient coding and performance practices,"• Pages load slowly, exceeding acceptable thresholds on mobile. • Users wait or abandon before content becomes usable. • This degrades usability and increases drop-offs.",• Compress images and media (WebP/SVG). • Prioritize critical resources and defer non-essential assets. • Continuously test and optimize performance.,• First meaningful paint occurs quickly and core content is usable under ~2 seconds.,• Heavy assets block rendering and delay interaction.,• Faster loading benefits users on low bandwidth and assistive technologies sensitive to delays.,GIGW 3.0 – 4.1.3; WCAG 2.1 – 2.2; BIS IS 17428:2020; BIS IS 17802:2022,"Fast load times are critical for mobile usability and equitable access. Performance optimization reduces abandonment, supports assistive technologies, and aligns with mandated governance standards.",Foundational,Developer,Big Issue,"Drop-offs, Task abandonment","🌐 Website (Desktop), 📱 Website (Mobile View)",Common,"Media, Scripts",Page load performance,"DOM, System",Assisted,0.7,v3.0.0
MFA-007,Mobile First Approach,Implement lazy loading for non-critical images and resources,• Non-essential resources load upfront. • Initial page load is delayed. • Users perceive the site as slow.,• Lazy load below-the-fold assets. • Use skeletons or placeholders to manage expectations. • Preserve functionality and focus order.,• Above-the-fold content loads immediately; below-the-fold assets load on demand.,"• All media loads at once, delaying first interaction.",• Proper lazy loading avoids focus jumps and supports keyboard and screen reader users.,GIGW 3.0 – 4.1.4; BIS IS 17428:2020; BIS IS 17802:2022,"Lazy loading improves perceived and actual performance by prioritizing essential content, enhancing mobile experience without compromising accessibility.",Optimizing,Developer,Medium Issue,"Drop-offs, Perceived performance","🌐 Website (Desktop), 📱 Website (Mobile View)",Common,"Images, Media",Progressive loading,DOM,Deterministic,0.85,v3.0.0
MFA-008,Mobile First Approach,Allow users to expand sections to view additional details when needed,• Long content overwhelms users on mobile. • Important actions are pushed out of view. • Users struggle to focus on primary tasks.,• Use accordions or expandable sections. • Clearly label expand/collapse controls. • Keep primary content visible by default.,• Collapsible sections reveal details on tap.,• Long uninterrupted content blocks scrolling.,• Expandable sections help users with attention and cognitive limitations.,GIGW 3.0 – 2.2.5; WCAG 2.1 – 2.4; DBIM; BIS IS 17428:2020,Progressive disclosure reduces cognitive load on mobile while preserving access to detailed information when required.,Optimizing,"Designer, Developer",Small Issue,"Engagement, Readability","🌐 Website (Desktop), 📱 Website (Mobile View)",Common,Accordions,Content layering,Interaction,Assisted,0.6,v3.0.0
MFA-009,Mobile First Approach,Make language selection easily accessible on mobile,• Language switch is hidden or hard to access. • Users cannot easily change language. • This limits inclusivity.,• Place language selector prominently in header or mobile menu. • Use clear labels and touch-friendly controls. • Apply selection globally.,• Language switch visible and usable on mobile.,• Language option buried or inaccessible.,• Supports users who rely on regional languages for comprehension.,GIGW 3.0 – 2.4.2; DBIM; BIS IS 17802:2022,Easy access to language selection ensures multilingual inclusivity and equitable access for diverse users.,Foundational,"Designer, Developer",Medium Issue,"Drop-offs, Task failure",📱 Website (Mobile View),Common,Language selector,Multilingual access,"DOM, Visual",Deterministic,0.85,v3.0.0
MFA-010,Mobile First Approach,Provide clear validation and error handling to guide form completion,• Users encounter errors without guidance. • Forms are abandoned due to unclear feedback. • This increases frustration and failure rates.,• Implement inline validation with clear messages. • Explain how to fix errors. • Use consistent visual cues for states.,• Inline error messages explain fixes clearly.,• Generic or missing error feedback.,• Clear error messaging supports users with cognitive and visual impairments.,GIGW 3.0 – 3.3.1; WCAG 2.1 SC 3.3.x; DBIM,"Effective validation and error handling reduce user frustration, prevent data loss, and support accessible form completion across devices.",Foundational,"Designer, Developer",Big Issue,"Task failure, Drop-offs","🌐 Website (Desktop), 📱 Website (Mobile View)",Forms,Input fields,Form completion,Interaction,Assisted,0.65,v3.0.0
HOM-001,Homepage,Ensure the homepage presents a professional and trustworthy first impression,• Homepage layout appears cluttered or visually unpolished. • Users perceive the site as unofficial or unreliable at first glance. • Poor first impression reduces trust and willingness to engage.,"• Use clean layout with adequate whitespace. • Apply consistent colours, typography, and official symbols. • Limit unnecessary visual noise.",• Clean layout with balanced spacing and consistent branding. • Official symbols used correctly.,• Overcrowded layout with inconsistent styles. • Poor spacing and visual clutter.,• Clean layouts reduce cognitive overload and improve readability for all users.,GIGW 3.0 – 2.2.2; DBIM; BIS IS 17428:2020,The homepage forms the first and most influential trust signal for a government website. A professional visual presentation reassures citizens of authenticity and encourages continued engagement with public services.,Foundational,Designer,Small Issue,"User trust, Engagement","🌐 Website (Desktop), 📱 Website (Mobile View)",Homepage,Layout,First impression,Visual,Assisted,0.55,v3.0.0
HOM-002,Homepage,Establish a clear visual hierarchy to guide user attention on the homepage,• Important information is not visually prioritised. • Users struggle to identify what to notice first. • This causes confusion and slower decision-making.,"• Prioritise key content using size, contrast, and placement. • Use headings, spacing, and alignment consistently.",• Key actions and messages are visually prominent. • Headings and sections clearly structured.,• All elements appear equal in importance. • No clear focus areas on the page.,• Proper hierarchy improves screen-reader structure and visual scanning.,"GIGW 3.0 – 2.2.4; WCAG 2.1 SC 1.3.1, 2.4.6; DBIM","Clear visual hierarchy helps users quickly understand content importance and navigation paths. It improves comprehension, reduces effort, and supports efficient exploration of government services.",Foundational,"Designer, Developer",Medium Issue,"Drop-offs, Task efficiency","🌐 Website (Desktop), 📱 Website (Mobile View)",Homepage,Content sections,Content prioritisation,"DOM, Visual",Evaluative,0.85,v3.0.0
HOM-003,Homepage,Present valuable content on the homepage or within one click,• Important content requires multiple steps to access. • Users feel effort is high to find useful information. • This reduces engagement and increases abandonment.,• Place critical content directly on the homepage. • Ensure high-value content is reachable within one click.,• Key services and information visible on homepage. • Important content accessible within one click.,• Users must navigate through multiple layers to reach core content.,• Reduced navigation depth benefits users with cognitive or motor impairments.,"GIGW 3.0 – 2.2.8; WCAG 2.1 SC 2.4.5, 3.2.3; DBIM",Easy access to valuable content improves engagement and demonstrates user-centric design. Minimising navigation effort increases confidence and encourages continued use of government services.,Foundational,"Designer, Developer",Medium Issue,"Drop-offs, Engagement","🌐 Website (Desktop), 📱 Website (Mobile View)",Homepage,Navigation links,Content discovery,Content,Assisted,0.6,v3.0.0
HOM-004,Homepage,Reveal homepage information progressively to avoid cognitive overload,• Homepage presents too much information at once. • Users feel overwhelmed and struggle to identify priorities. • This increases cognitive load and abandonment risk.,"• Show key information first. • Use progressive disclosure for secondary content. • Reveal details on interaction (expand, scroll, navigate).",• Key sections visible initially with expandable details.,• Long pages with dense content blocks visible at once.,• Reduces cognitive load for users with attention or memory limitations.,"GIGW 3.0 – 2.2.9; WCAG 2.1 SC 3.2.4, 1.3.1","Progressive disclosure improves scannability and comprehension, especially on mobile and low-attention contexts. It helps users focus on primary information before engaging with deeper content.",Optimizing,"Designer, Developer",Medium Issue,"Drop-offs, Cognitive overload","🌐 Website (Desktop), 📱 Website (Mobile View)",Homepage,Content sections,Content exploration,"Interaction, Visual",Assisted,0.6,v3.0.0
HOM-005,Homepage,Highlight primary tasks clearly for immediate discovery on the homepage,• Key user tasks are not visually prominent. • Users must search or scroll excessively to act. • This causes confusion and task failure.,• Identify top user tasks. • Place them prominently above the fold. • Use clear labels and buttons.,• Primary actions clearly visible on page load.,• Tasks buried under banners or dense content.,• Clear task grouping supports screen reader navigation and quick access.,"GIGW 3.0 – 2.2.6; WCAG 2.1 SC 2.4.1, 2.4.6; BIS IS 17428:2020","Clear task prioritization enables faster orientation and action, especially for first-time or low-literacy users accessing government services.",Foundational,"Designer, Developer",Big Issue,"Task failure, Drop-offs","🌐 Website (Desktop), 📱 Website (Mobile View), 📲 Mobile App",Homepage,"CTAs, Task cards",Primary task access,"DOM, Visual",Deterministic,0.85,v3.0.0
HOM-006,Homepage,Display recent content with access to archival information,• Homepage appears static or outdated. • Users cannot find older announcements easily. • This reduces trust and discoverability.,• Show latest updates prominently. • Provide a clear link to archives or past items.,• “Latest Updates” section with archive link.,• No recent content or missing archive access.,• Clear content grouping supports users with cognitive limitations.,GIGW 3.0 – 2.2.10; BIS IS 17428:2020,"Balancing fresh content with easy archival access signals activity, transparency, and reliability in government communication.",Optimizing,Developer,Small Issue,"User trust, Engagement","🌐 Website (Desktop), 📱 Website (Mobile View)",Homepage,Updates section,Content recency,Content,Assisted,0.7,v3.0.0
HOM-007,Homepage,Use visuals to convey meaning rather than decoration,• Images and icons are decorative without purpose. • Visual clutter distracts users and slows pages. • Content meaning is unclear.,"• Use visuals to explain, guide, or reinforce content. • Remove purely decorative media.",• Images support content meaning with alt text.,• Stock images unrelated to content purpose.,• Meaningful visuals support non-text comprehension for screen reader and low-literacy users.,"GIGW 3.0 – 2.3.4; WCAG 2.1 SC 1.1.1, 1.4.5","Purpose-driven visuals enhance understanding, reduce text dependency, and prevent unnecessary performance and cognitive overhead.",Optimizing,Designer,Medium Issue,"Engagement, Load time","🌐 Website (Desktop), 📱 Website (Mobile View)",Homepage,"Images, Icons",Visual communication,"Visual, Content",Evaluative,0.8,v3.0.0
HOM-008,Homepage,Motivate users to browse and explore further from the homepage,• Homepage lacks cues that encourage further exploration. • Users do not perceive the site as engaging or active. • Low motivation leads to early exits and shallow engagement.,"• Use inviting layouts, clear section labels, and previews of deeper content. • Highlight pathways to key sections and services.","• Homepage includes clear navigation cues, featured sections, or content previews.",• Static homepage with no directional cues or engaging elements.,• Clear cues and labels reduce cognitive effort and support predictable navigation.,"GIGW 3.0 – 2.1.5, 2.2.2; DBIM; BIS IS 17428:2020","Encouraging exploration increases user engagement and perceived value of government websites. A motivating homepage signals relevance, activity, and usefulness, helping users discover services with less effort.",Foundational,"Designer, Developer",Small Issue,"Engagement, Drop-offs","🌐 Website (Desktop), 📱 Website (Mobile View)",Homepage,Content blocks,Content discovery,"Visual, Content",Assisted,0.55,v3.0.0
HOM-009,Homepage,Clearly communicate the website’s value proposition on the homepage,• Users cannot quickly understand the purpose of the website. • Absence of a clear message causes disorientation. • This reduces trust and willingness to explore further.,• Display a concise welcome message or tagline near the top of the page. • Clearly state what the site offers and who it serves.,• Homepage displays a clear tagline or purpose statement.,• No introductory message or unclear messaging.,• Clear messaging benefits screen-reader users and users with cognitive disabilities.,GIGW 3.0 – 2.1.2; WCAG 2.1 SC 1.3.1; DBIM,A clear value proposition or welcome message orients users immediately and sets expectations. It reinforces professionalism and helps users decide whether the site is relevant to their needs.,Foundational,Designer,Medium Issue,"User trust, Engagement","🌐 Website (Desktop), 📱 Website (Mobile View)",Homepage,Hero section,"Orientation, Messaging",Content,Evaluative,0.8,v3.0.0
HOM-010,Homepage,"Use descriptive page titles, link text, and semantic labels to improve clarity and discoverability",• Page titles or links are vague or generic. • Users and search engines struggle to understand link purpose. • This reduces clarity and findability.,• Use descriptive page titles. • Place key terms at the start of links. • Apply ARIA labels and alt text where required.,"• Links clearly describe destination (e.g., “Apply for Permit”). • Pages have meaningful titles.",• Generic links like “Click here”. • Missing or vague page titles.,• Descriptive links and titles support screen-reader navigation and comprehension.,GIGW 3.0 – 2.4.1; WCAG 2.1 SC 2.4.2; DBIM; BIS IS 17428:2020,"Descriptive titles and links improve usability, accessibility, and search discoverability. Clear semantics help users quickly understand navigation options and page context.",Foundational,Developer,Medium Issue,"Findability, Drop-offs","🌐 Website (Desktop), 📱 Website (Mobile View)",Homepage,"Links, Metadata",Navigation clarity,DOM,Deterministic,0.9,v3.0.0
HOM-011,Homepage,Group organisational or departmental information into a dedicated section,• Organisational information is scattered or mixed with services. • Users struggle to locate background or ownership details. • This reduces clarity and perceived credibility.,• Create a dedicated “About Us” or equivalent section. • Group institutional information separately from services.,• “About Us” section clearly groups organisational details.,• Organisational information mixed randomly across the homepage.,• Clear sectioning improves navigation for screen-reader and keyboard users.,GIGW 3.0 – 3.1.4; WCAG 2.1 SC 2.4.6; DBIM,Clear grouping of organisational information improves scannability and transparency. Dedicated sections allow users to quickly verify credibility without cluttering primary service content.,Foundational,Designer,Medium Issue,"User trust, Clarity","🌐 Website (Desktop), 📱 Website (Mobile View)",Homepage,About section,Information architecture,"Content, Visual",Evaluative,0.85,v3.0.0
HOM-012,Homepage,"Use a clear, meaningful URL that reflects the website’s purpose","• URL is cryptic, generic, or unrelated to the site’s purpose. • Users are unsure if they are on the correct or official site. • This reduces trust and increases navigation errors.","• Use human-readable, descriptive URLs. • Align domain/subdomain names with the service purpose. • Avoid unnecessary parameters or abbreviations.",• URL clearly references the service or department name.,• Random strings or unrelated abbreviations in the URL.,• Descriptive URLs help users with cognitive impairments understand context and destination.,GIGW 3.0 – 1.2.1; DBIM; BIS IS 17428:2020,"A clear and meaningful URL acts as an identity signal for government websites. It improves memorability, reduces user error, and strengthens trust by helping citizens quickly validate the legitimacy and intent of the service.",Foundational,Developer,Medium Issue,"User trust, Navigation errors","🌐 Website (Desktop), 📱 Website (Mobile View)",Homepage,URL / Address bar,Site identification,DOM,Deterministic,0.9,v3.0.0
HOM-013,Homepage,Maintain consistent branding across devices and screen sizes,"• Logos, colors, or fonts vary across devices. • Inconsistent branding confuses users. • This weakens perceived authenticity.","• Use consistent logos, color palette, and typography. • Follow DBIM branding standards across breakpoints.","• Same logo, colors, and fonts on desktop and mobile.",• Different branding elements across views.,• Consistent visuals help users with cognitive disabilities recognize familiar patterns.,"GIGW 3.0 – 1.2.3, 2.1.4; WCAG 2.1 SC 3.2.4; DBIM","Visual consistency reinforces official identity and trust. Consistent branding ensures users recognize the service regardless of device, reducing doubt and cognitive friction.",Optimizing,"Designer, Developer",Small Issue,"User trust, Engagement","🌐 Website (Desktop), 📱 Website (Mobile View)",Homepage,"Header, Branding elements",Cross-device identity,Visual,Evaluative,0.85,v3.0.0
HOM-014,Homepage,Position navigation controls within thumb-zone reach on mobile,• Navigation controls are hard to reach with one hand. • Users struggle with repeated stretching or mis-taps. • This reduces mobile usability.,• Place navigation within thumb-zone reach. • Use platform-standard patterns and adequate target sizes. • Provide visual feedback on interaction.,• Menu easily reachable with one thumb.,• Navigation placed outside comfortable reach zones.,• Supports users with limited motor reach or dexterity.,GIGW 3.0 – 5.1; WCAG 2.1 SC 2.5.5; DBIM,"Thumb-zone-aware navigation improves one-handed usability on mobile devices, reducing physical strain and interaction errors, especially for frequent tasks.",Optimizing,"Designer, Developer",Medium Issue,"Navigation errors, Drop-offs",📲 Mobile App,Homepage (Mobile),Navigation menu,One-handed use,"Visual, Interaction",Assisted,0.7,v3.0.0
HOM-015,Homepage,Provide centralized service discovery from the homepage,• Users cannot easily find all available services. • Services are fragmented or hidden behind deep navigation. • This increases task time and abandonment.,• Present a centralized service directory on the homepage. • Group services logically and prioritize high-use services. • Support search and deep linking.,• Homepage lists all major services with clear entry points.,• Services scattered without a single discovery view.,• Clear service grouping supports users with cognitive limitations and first-time visitors.,GIGW 3.0 – 5.1.18; API Gateway Pattern,"Centralized service discovery enables citizens to quickly understand the full scope of services offered and access them efficiently, supporting transparency and task-oriented navigation.",Foundational,"Designer, Developer",Big Issue,"Task failure, Drop-offs",📲 Mobile App,Homepage,"Service cards, Search",Service discovery,"Content, System",Assisted,0.65,v3.0.0
HOM-016,Homepage,Provide guided assistance for advanced or multi-step features on the homepage,• Advanced or multi-step features lack contextual guidance. • Users are unsure how to start or proceed with complex tasks. • This increases confusion and abandonment.,"• Provide contextual tours, tooltips, or guided walkthroughs. • Trigger assistance on first visit and allow re-access. • Ensure guidance is skippable and non-blocking.",• Contextual tour highlights key features with clear steps. • “Help” or “Take a Tour” option available.,• Complex features presented with no guidance.,• Guided tours with clear labels and focus management support screen reader and cognitive accessibility.,GIGW 3.0 – 5.1; WCAG 2.1 SC 3.3.2,"Guided assistance reduces learning friction for complex features, helping users build confidence and complete tasks efficiently without overwhelming the interface.",Optimizing,"Designer, Developer",Medium Issue,"Task failure, Drop-offs",📲 Mobile App,Homepage (Mobile),"Tooltips, Tours",Feature discovery,Interaction,Assisted,0.65,v3.0.0
HOM-017,Homepage,Structure homepage information to support rapid scanning and comprehension,• Content hierarchy is unclear or inconsistent. • Labels are vague or non-descriptive. • Users struggle to locate information quickly.,• Apply clear visual hierarchy and descriptive headings. • Use semantic markup and consistent labels. • Organize content into scannable sections.,• Clear headings and grouped sections visible at a glance.,• Dense content blocks with unclear labels.,• Semantic structure and headings improve navigation for screen reader users.,"GIGW 3.0 – 5.1.18; WCAG 2.1 SC 2.4.6, 1.3.1","A scannable information architecture enables users to quickly orient, identify relevant sections, and act—critical for high-traffic government homepages.",Optimizing,"Designer, Developer",Medium Issue,"Time-on-task, Drop-offs",📲 Mobile App,Homepage (Mobile),Content sections,Information discovery,"DOM, Visual",Evaluative,0.7,v3.0.0
ABT-001,About Us,"Clearly define the organisation’s purpose, mission, vision, and values","• Purpose, mission, or vision is missing or vaguely stated. • Users cannot quickly understand why the organisation exists. • This reduces credibility and clarity of intent.","• Add a concise “Our Purpose” section. • Clearly list Mission, Vision, and Values in simple language. • Place prominently and link from navigation/footer.","• About Us page clearly lists Mission, Vision, and Values in dedicated sections.",• About Us page contains generic text with no clear purpose or mission.,• Clear structure supports screen readers and users with cognitive disabilities by improving comprehension.,GIGW 3.0 – Section 3.1.4; WCAG 2.1 Guideline 1.3,"Clearly articulating purpose and values builds trust, transparency, and alignment with citizen expectations, which is foundational for government digital services.",Foundational,Designer,Small Issue,"User trust, Comprehension",Website (Desktop); Website (Mobile View),About Us,Content sections,Organisational identity,Content,Evaluative,0.85,v3.0.0
ABT-002,About Us,Provide a clear organisational overview describing background and mandate,• Organisation background and mandate are unclear or missing. • Users cannot identify who operates the service. • This weakens transparency and accountability.,• Add a structured organisational overview. • Use headings such as “Who We Are” and “Our Journey”. • Include concise supporting visuals if relevant.,• About Us page explains organisational background and mandate clearly.,• Only generic or marketing text with no organisational detail.,• Structured headings and semantic sections improve navigation for assistive technologies.,"GIGW 3.0 – Section 3.1.4; WCAG 2.1 Guidelines 1.3, 2.4","Providing organisational context establishes legitimacy and accountability, which are critical for citizen-facing governance platforms.",Foundational,Designer,Medium Issue,"User trust, Drop-offs",Website (Desktop); Website (Mobile View),About Us,Content sections,Organisational transparency,Content,Evaluative,0.85,v3.0.0
ABT-003,About Us,Clearly outline the organisation’s core values,• Core values are missing or buried in text. • Users cannot understand guiding principles. • This reduces perceived ethics and trustworthiness.,• Add a dedicated “Our Core Values” section. • List 3–5 concise values with short descriptions. • Place near mission and vision.,• Clearly labelled “Core Values” section with short descriptions.,• Values implied indirectly or not stated at all.,• Clear labels and contrast support readability for low-vision and cognitive users.,GIGW 3.0 – Section 3.1.4; DBIM; WCAG 2.1 SC 2.4.6; BIS IS 17428:2020,"Explicitly stating values communicates ethics, accountability, and intent, strengthening institutional trust.",Foundational,Designer,Small Issue,User trust,Website (Desktop); Website (Mobile View),About Us,Content sections,Ethical positioning,Content,Evaluative,0.85,v3.0.0
ABT-004,About Us,Introduce key leaders and team members with roles and responsibilities,• Leadership information is missing or unclear. • Users cannot identify responsible authorities. • This weakens transparency and accountability.,"• Add a “Our Leadership” or “Who’s Who” section. • Include names, roles, and brief bios. • Place logically within About Us.",• Leadership section lists key members with roles and short bios.,• No mention of leadership or responsible officials.,• Proper headings and structured bios support screen reader navigation.,GIGW 3.0 – Section 3.1.4; DBIM,Leadership visibility reinforces accountability and helps users associate services with responsible authorities.,Foundational,Designer,Small Issue,User trust,Website (Desktop); Website (Mobile View),About Us,Content sections,Accountability and governance,Content,Evaluative,0.85,v3.0.0
ABT-005,About Us,Highlight significant achievements and milestones,• Key achievements or milestones are missing or hard to find. • Users cannot assess impact or credibility. • Trust and transparency are weakened.,• Add a clearly labeled “Achievements” or “Milestones” section. • Use a simple timeline or grid with dates and outcomes. • Keep content concise and verifiable.,"• Timeline showing milestones like awards, scale reached, or major launches.",• Achievements buried in long paragraphs or not present at all.,• Structured headings and clear labels support screen readers and users with cognitive disabilities.,GIGW 3.0 – Section 3.1.4; DBIM Public Accountability Guidelines; WCAG 2.1 SC 2.4.6,Showcasing achievements builds institutional credibility and reassures users of legitimacy and impact.,Optimizing,Designer,Small Issue,"User trust, Engagement",Website (Desktop); Website (Mobile View),About Us,"Timeline, Content blocks",Institutional credibility,Content,Evaluative,0.85,v3.0.0
ABT-006,About Us,Include a brief history of the organisation,• Organisational background is missing. • Users lack context on origin and evolution. • Identity and trust signals are weakened.,• Add a short history section with key dates. • Use a lightweight visual timeline. • Place near achievements or overview.,• “Our Journey” section summarizing key phases with dates.,• No historical context or only vague statements.,• Clear structure and readable text support comprehension for assistive technology users.,GIGW 3.0 – Section 3.1.4; DBIM Organisational Identity Guidelines,"A concise history provides context, continuity, and legitimacy for citizen-facing services.",Optimizing,Designer,Small Issue,"User trust, Comprehension",Website (Desktop); Website (Mobile View),About Us,"Timeline, Content sections",Organisational identity,Content,Evaluative,0.85,v3.0.0
ABT-007,About Us,Use authentic images or videos to humanize the organisation,• About Us page feels impersonal. • Users cannot visually connect with the organisation. • Perceived authenticity is reduced.,• Include real images or short videos of team or workplace. • Use captions and consistent layout. • Ensure media is inclusive and relevant.,• Team photos with captions and alt text.,• Stock images unrelated to the organisation or no media at all.,• Alt text and captions ensure non-text content is accessible to screen reader users.,GIGW 3.0 – Section 3.1.4; DBIM Visual Identity & Engagement Guidelines,"Authentic visuals humanize the organisation, increasing trust and emotional connection.",Optimizing,Designer,Small Issue,"Engagement, User trust",Website (Desktop); Website (Mobile View),About Us,"Images, Videos",Visual credibility,"Visual, Content",Assisted,0.65,v3.0.0
ABT-008,About Us,Provide links to related sections to encourage exploration,• Users reach a dead end on About Us. • Related information is not discoverable. • Engagement opportunities are missed.,• Add a small “Explore More” section with relevant links. • Ensure links are clearly labeled and accessible. • Place logically at the end of the page.,"• Visible links to Careers, News, or Press pages.",• No outbound links or vague “Click here” links.,• Clear link purpose supports keyboard and screen reader navigation.,"GIGW 3.0 – Sections 3.1.4, 4.1.5; WCAG 2.1 SC 2.4.4","Cross-linking improves discoverability, engagement, and task continuation across the site.",Optimizing,"Designer, Developer",Small Issue,"Engagement, Navigation depth",Website (Desktop); Website (Mobile View),About Us,"Links, Footer",Content discovery,Content,Assisted,0.65,v3.0.0
PLD-001,Page Layout and Visual Design,Follow recognized scanning patterns (F-pattern / Z-pattern),• Layout does not align with natural reading and scanning behavior. • Important content is placed outside common visual scan paths. • Users miss key information or actions.,"• Arrange content to follow F-shaped or Z-shaped scanning patterns. • Place critical headings, CTAs, and links along primary scan paths.",• Key information appears along top and left-aligned scan areas.,• Important actions placed randomly or far from scan paths.,• Predictable visual flow helps users with cognitive and attention limitations process content efficiently.,GIGW 3.0 – Section 2.2.5; DBIM; BIS IS 17428:2020; WCAG 2.2 SC 2.4.3,"Aligning layouts with natural scanning behavior reduces cognitive effort, improves discoverability, and supports efficient task completion.",Optimizing,Designer,Medium Issue,"Time-on-task, Missed actions",Website (Desktop); Website (Mobile View),Common,Page layout,Content scanning,Visual,Evaluative,0.8,v3.0.0
PLD-002,Page Layout and Visual Design,Make webpage content easy to scan without cognitive overload,• Content appears dense and difficult to scan. • Lack of hierarchy makes it hard to locate information quickly. • Users feel overwhelmed and disengage.,"• Use clear headings, short paragraphs, and grouped content. • Apply strong visual hierarchy and whitespace.","• Page uses headings, bullets, and spacing to guide scanning.",• Large text blocks with no hierarchy or spacing.,• Improved scanability supports users with cognitive disabilities and low literacy.,"GIGW 3.0 – Section 2.2.3; WCAG 2.1 SC 2.4.6, 1.3.1; DBIM","Scan-friendly layouts reduce mental load and help users find information quickly, improving usability and confidence.",Optimizing,"Designer, Developer",Medium Issue,"Drop-offs, Cognitive load",Website (Desktop); Website (Mobile View),Common,Content blocks,Information discovery,"Visual, Content",Evaluative,0.8,v3.0.0
PLD-003,Page Layout and Visual Design,Ensure screen density is appropriate for target users and tasks,• Content is too dense or too sparse for user needs. • Readability and task efficiency suffer. • Interface feels cluttered or inefficient.,"• Adjust spacing, font size, and content chunking based on user context. • Maintain clean hierarchy and adequate whitespace.",• Layout balances readability and information density for target users.,• Overcrowded screens or excessive empty space.,"• Proper density benefits users with visual, motor, or cognitive limitations.","GIGW 3.0 – Sections 3.2.3, 3.4.1; DBIM","Appropriate screen density improves readability, reduces errors, and supports diverse user groups across devices.",Optimizing,"Designer, Developer",Medium Issue,"Readability, Task efficiency",Website (Desktop); Website (Mobile View); Mobile App,Common,Layout containers,Task-focused interaction,Visual,Assisted,0.65,v3.0.0
PLD-004,Page Layout and Visual Design,Use legible fonts and font sizes to ensure readability and accessibility,• Fonts are too small or hard to read. • Poor contrast or spacing reduces legibility. • Users struggle to read content.,• Use readable sans-serif fonts with minimum 16px body text. • Ensure sufficient contrast and line spacing. • Support text resizing up to 200%.,"• Text is clearly readable with proper size, spacing, and contrast.","• Small fonts, low contrast, or cramped text.","• Essential for users with low vision, dyslexia, or cognitive impairments.","GIGW 3.0 – Section 3.2.3; DBIM; WCAG 2.1 SC 1.4.3, 1.4.4, 1.4.12","Legible typography is foundational for accessibility, comprehension, and inclusive design across all digital services.",Foundational,"Designer, Developer",Big Issue,"Readability, Accessibility risk",Website (Desktop); Website (Mobile View); Mobile App,Common,Text elements,Content consumption,Visual,Deterministic,0.9,v3.0.0
PLD-005,Page Layout and Visual Design,Guide users’ focus toward the next action using clear visual cues,• Page layout does not clearly indicate the next step. • Users hesitate or miss the primary action. • This increases friction and task abandonment.,"• Use strong visual hierarchy and directional cues. • Highlight the primary CTA with color, size, and placement. • Apply progressive disclosure to sequence actions logically.",• A prominent “Continue” or “Next” CTA appears after completing a step.,• Multiple CTAs compete equally with no clear priority.,• Clear focus order and prominent CTAs help screen reader and cognitive users identify the intended next step.,"GIGW 3.0 – Sections 3.1.3, 3.2.4; DBIM","Guiding user focus reduces decision fatigue and supports intuitive task progression, improving completion rates and user confidence.",Optimizing,"Designer, Developer",Medium Issue,"Task completion, Drop-offs",Website (Desktop); Website (Mobile View),Common,"CTAs, Content sections",Task progression,"Visual, Interaction",Assisted,0.65,v3.0.0
PLD-006,Page Layout and Visual Design,Provide a clear visual starting point on every page,• Pages lack a clear entry point or focal element. • Users are unsure where to begin. • This increases orientation time and confusion.,"• Introduce a prominent heading, hero, or key CTA at the top. • Maintain consistent entry-point patterns across pages.",• Page opens with a clear heading or hero guiding attention.,• Page begins with dense content and no focal point.,• Strong entry points support users with cognitive impairments by improving orientation and predictability.,GIGW 3.0 – Section 3.2.4; DBIM,"A clear starting point orients users quickly, reducing cognitive load and improving navigation efficiency.",Optimizing,"Designer, Developer",Medium Issue,"Time-on-task, Navigation errors",Website (Desktop); Website (Mobile View),Common,"Page header, Hero section",Page orientation,Visual,Assisted,0.65,v3.0.0
PLD-007,Page Layout and Visual Design,Maintain consistent layout across all pages and devices,• Layout patterns vary across pages or platforms. • Users must relearn navigation repeatedly. • This reduces trust and usability.,"• Use shared layout templates and a design system. • Keep navigation, headers, and footers consistent.",• Pages follow the same structural layout across the site/app.,• Different pages use inconsistent layouts and patterns.,• Consistency benefits screen reader users and users with cognitive disabilities by reducing learning effort.,"GIGW 3.0 – Sections 3.2.2, 3.2.4; WCAG 2.1 SC 3.2.3, 3.2.4; DBIM","Consistent layouts reinforce familiarity, reduce cognitive load, and support efficient navigation across journeys.",Foundational,"Designer, Developer",Medium Issue,"Navigation errors, User trust",Website (Desktop); Website (Mobile View); Mobile App,Common,Layout templates,Cross-page navigation,"Visual, DOM",Evaluative,0.75,v3.0.0
PLD-008,Page Layout and Visual Design,Place high-priority information above the first screen,• Important features are hidden below the fold. • Users must scroll to access frequent actions. • This reduces efficiency.,• Position commonly used features above the fold. • Prioritize key actions and content in the first screen.,"• Login, search, or primary services visible on page load.",• Key actions only visible after scrolling.,• Above-the-fold placement benefits users with motor or cognitive limitations by reducing effort.,"GIGW 3.0 – Sections 3.2.3, 3.2.4; DBIM","Surfacing high-priority content early improves efficiency and supports task-oriented user behavior, especially on mobile.",Optimizing,"Designer, Developer",Medium Issue,"Time-on-task, Drop-offs",Website (Desktop); Website (Mobile View),Common,"Header, Key actions",Task initiation,Visual,Assisted,0.65,v3.0.0
PLD-009,Page Layout and Visual Design,Make clickable elements clearly recognizable as interactive,"• Clickable elements lack visual affordances. • Users fail to recognize buttons or links. • This causes hesitation, errors, and task abandonment.","• Use consistent visual cues (shape, color, underline, hover/focus states). • Differentiate buttons from static content. • Maintain consistent styles across pages and devices.",• Buttons have solid fills or outlines with hover/focus states; links are underlined and color-distinct.,• Clickable text styled like body copy; buttons indistinguishable from cards or labels.,• Clear affordances and focus states support keyboard and screen reader users in identifying actionable elements.,GIGW 3.0 – Section 3.2.4,"Clear interactivity cues are foundational to predictable navigation and task completion, reducing cognitive load and preventing user errors.",Foundational,"Designer, Developer",Big Issue,"Task failure, Misclicks",Website (Desktop); Website (Mobile View); Mobile App,Common,"Buttons, Links, CTAs",Action initiation,"Visual, Interaction",Deterministic,0.9,v3.0.0
PLD-010,Page Layout and Visual Design,Avoid false visual affordances on non-clickable elements,• Non-interactive items visually resemble clickable elements. • Users attempt interactions that do nothing. • This causes confusion and loss of trust.,"• Ensure only interactive elements look clickable. • Remove underlines, hover states, shadows, or button styling from static content.",• Headings and labels appear as plain text with no hover or underline.,• Static text styled like a button or link.,• Clear affordances reduce confusion for users with cognitive disabilities and screen reader users relying on role clarity.,GIGW 3.0 – 3.2.4; WCAG 2.1 SC 3.2.4; DBIM; BIS IS 17428:2020,"Preventing false affordances ensures predictable interaction and reduces user errors, which is essential for trustworthy government interfaces.",Foundational,"Designer, Developer",Medium Issue,"Misclicks, User frustration",Website (Desktop); Website (Mobile View); Mobile App,Common,"Text, Icons, Labels",Interaction predictability,Visual,Deterministic,0.9,v3.0.0
PLD-011,Page Layout and Visual Design,Use interactive components appropriately and label actions clearly,• Interactive controls are unclear or ambiguously labeled. • Non-interactive items resemble controls. • Users are unsure what actions are possible.,"• Use standard components (buttons, checkboxes, radios) for actions. • Apply clear, action-oriented labels. • Avoid styling static items as controls.",• Buttons labeled “Submit Form” or “Download Report”.,• Vague labels like “Click Here” or decorative elements styled as controls.,• Clear labeling and component roles support screen reader users and reduce cognitive load.,BIS IS 17428:2020 – Clause 8.2.3,"Proper use of interactive components improves action clarity and prevents errors, supporting predictable and accessible interactions.",Foundational,"Designer, Developer",Medium Issue,"Task failure, Errors",Website (Desktop); Website (Mobile View),Common,"Buttons, Form controls",Action execution,"Visual, Content",Deterministic,0.85,v3.0.0
PLD-012,Page Layout and Visual Design,Make hyperlinked text visually distinguishable,• Links are visually indistinguishable from body text. • Users miss available navigation paths. • This reduces discoverability.,"• Style links using consistent cues (underline, color contrast). • Avoid hover-only link visibility.",• Links are underlined and color-distinct from body text.,• Links appear identical to normal text.,• Distinct link styling benefits low-vision users and keyboard users navigating by links.,GIGW 3.0 – 3.2.4; DBIM,Clearly identifiable links are essential for navigation efficiency and accessibility compliance.,Foundational,"Designer, Developer",Medium Issue,"Navigation errors, Drop-offs",Website (Desktop); Website (Mobile View),Common,Hyperlinks,Content navigation,Visual,Deterministic,0.9,v3.0.0
PLD-013,Page Layout and Visual Design,Use standard and intuitive icons and graphics,• Icons are custom or ambiguous. • Users misinterpret meaning. • This increases cognitive load.,• Use widely recognized icons. • Prefer established icon libraries. • Pair icons with labels where needed.,• Magnifying glass icon used for search.,• Abstract or decorative icons with unclear meaning.,• Standard icons improve comprehension for cognitive and low-literacy users.,GIGW 3.0 – 3.4.1; WCAG 2.1 SC 3.2.4,Recognizable icons reduce learning effort and support faster comprehension across diverse user groups.,Optimizing,"Designer, Developer",Medium Issue,"Cognitive load, Errors",Website (Desktop); Website (Mobile View),Common,"Icons, Graphics",Visual communication,Visual,Evaluative,0.8,v3.0.0
PLD-014,Page Layout and Visual Design,Use a consistent font style across the webpage,• Multiple font families used inconsistently. • Visual inconsistency increases cognitive load. • Brand perception weakens.,• Use a single primary font family across pages. • Limit variations to weight and size only.,"• One font family (e.g., Noto Sans) used consistently.",• Multiple unrelated fonts used across sections.,• Consistent typography improves readability for users with dyslexia and cognitive impairments.,BIS IS 17428:2020 Clause 8.2.3; DBIM Typography Guidelines,"Consistent typography reduces visual noise, strengthens brand identity, and improves comprehension across pages and languages.",Optimizing,"Designer, Developer",Small Issue,"Cognitive load, Brand trust",Website (Desktop); Website (Mobile View),Common,Text elements,Visual consistency,Visual,Deterministic,0.9,v3.0.0
PLD-015,Page Layout and Visual Design,Use color to group and organize content for clear visual hierarchy,• Content lacks visual grouping. • Users struggle to identify relationships and priorities. • Page appears flat or cluttered.,"• Apply a consistent color palette for grouping. • Use color to differentiate primary, secondary, and background elements.",• Related sections grouped using background color or accents.,• Random or inconsistent color usage with no grouping logic.,• Color-based grouping must not be the sole indicator; pair with spacing or labels for accessibility.,GIGW 3.0 – 3.2.2; BIS IS 17428:2020 Clause 8.2.4,"Strategic color usage improves scannability, hierarchy recognition, and faster comprehension of page structure.",Optimizing,"Designer, Developer",Medium Issue,"Scanning efficiency, Cognitive load",Website (Desktop); Website (Mobile View),Common,"Sections, Cards",Content organization,Visual,Evaluative,0.8,v3.0.0
PLD-016,Page Layout and Visual Design,"Maintain a harmonious, accessible color scheme with sufficient contrast",• Low contrast text reduces readability. • Busy or distracting backgrounds hinder comprehension. • Accessibility standards are violated.,• Use harmonious color palettes. • Ensure WCAG contrast ratios (4.5:1 normal text; 3:1 large text). • Avoid textured or busy backgrounds.,• Dark text on light background meeting contrast ratios.,• Low-contrast text over patterned backgrounds.,"• Essential for users with low vision, color blindness, or aging-related vision loss.","WCAG 2.1 SC 1.4.3, 1.4.6; GIGW 3.0 – 3.2.2; BIS IS 17428:2020; DBIM","Accessible color schemes are foundational to inclusive design, ensuring content is perceivable by all users.",Foundational,"Designer, Developer",Big Issue,"Accessibility risk, Readability",Website (Desktop); Website (Mobile View),Common,"Text, Backgrounds",Content consumption,Visual,Deterministic,0.95,v3.0.0
PLD-017,Page Layout and Visual Design,Provide print-friendly pages or printable versions,• Printed pages include navigation and clutter. • Content is hard to read when printed. • Users waste time formatting manually.,• Apply print-specific CSS styles. • Remove non-essential elements. • Offer a dedicated “Print Version” where relevant.,• Clean print layout with only essential content.,"• Printed page includes menus, ads, and backgrounds.","• High-contrast, simplified print layouts benefit users relying on physical copies.",GIGW 3.0 – 3.2.9; BIS IS 17428:2020 Clause 8.3.7,"Print-friendly layouts support offline access, documentation needs, and accessibility for users preferring physical records.",Optimizing,"Designer, Developer",Small Issue,"Task efficiency, User satisfaction",Website (Desktop),Common,Print styles,Offline usage,DOM,Deterministic,0.9,v3.0.0
PLD-018,Page Layout and Visual Design,Avoid italics and reserve underlining only for hyperlinks,• Italicized text reduces readability. • Underlining used for non-links misleads users. • Users confuse static text with interactive elements.,• Use bold text for emphasis instead of italics. • Restrict underlining strictly to hyperlinks.,• Emphasis shown using bold text; only links are underlined.,• Long italic paragraphs; underlined headings that are not links.,• Improves readability for users with dyslexia and low vision; prevents false affordances for assistive technology users.,"WCAG 2.1 SC 1.4.1, 3.2.4; GIGW 3.0 – 3.2.2","Clear and consistent text styling prevents confusion, improves readability, and maintains predictable interaction patterns.",Optimizing,"Designer, Developer",Small Issue,"Readability, Misclicks",Website (Desktop); Website (Mobile View),Common,"Text, Links",Content presentation,Visual,Deterministic,0.9,v3.0.0
PLD-019,Page Layout and Visual Design,Use a grid system for structured and aligned layouts,• Content lacks alignment and visual balance. • Pages appear cluttered or inconsistent. • Scanning becomes inefficient.,"• Apply a consistent grid system (e.g., 12-column). • Align text, images, and components both horizontally and vertically.","• Cards, text, and images align cleanly within a grid.",• Elements appear misaligned or arbitrarily placed.,• Structured layouts improve navigation for screen reader users and users with cognitive limitations.,GIGW 3.0 – 3.3.2; BIS IS 17428:2020 Clause 8.3.3,"Grid-based layouts ensure visual order, predictability, and responsive consistency across devices.",Optimizing,"Designer, Developer",Medium Issue,"Scannability, Cognitive load",Website (Desktop); Website (Mobile View); Mobile App,Common,Layout containers,Visual structure,Visual,Evaluative,0.8,v3.0.0
PLD-020,Page Layout and Visual Design,Group related information and functions for efficient scanning,• Related content and actions are scattered. • Users must jump across the page to complete tasks. • Cognitive load increases.,"• Group related items using cards, sections, or containers. • Use spacing and headings to reinforce grouping.",• Filters grouped with search; form fields grouped with submit action.,• Related controls placed far apart with no visual grouping.,• Logical grouping improves comprehension for users with cognitive and memory impairments.,GIGW 3.0 – 3.3.2; BIS IS 17428:2020 Clause 8.3.4; WCAG 2.1 SC 1.3.1,Logical grouping reduces mental effort and enables faster task execution and scanning.,Optimizing,"Designer, Developer",Medium Issue,"Task efficiency, Cognitive load",Website (Desktop); Website (Mobile View),Common,"Forms, Sections",Task execution,"Visual, DOM",Evaluative,0.8,v3.0.0
PLD-021,Page Layout and Visual Design,Structure pages section-by-section to aid element discovery,• Page content lacks clear sections. • Users struggle to locate information. • Navigation feels chaotic.,"• Use clear sectioning with headings (H1–H3). • Apply semantic landmarks (nav, main, footer).",• Page divided into clear sections with descriptive headings.,• Long unbroken pages with no structural cues.,• Semantic structure improves screen reader navigation and keyboard accessibility.,"BIS IS 17428:2020 Clause 8.2.1; WCAG 2.1 SC 1.3.1, 2.4.6","Well-structured pages improve findability, orientation, and accessibility for all users.",Foundational,"Designer, Developer",Medium Issue,"Navigation efficiency, Time-on-task",Website (Desktop); Website (Mobile View),Common,Page sections,Information discovery,DOM,Deterministic,0.9,v3.0.0
PLD-022,Page Layout and Visual Design,Maintain consistent logo placement across all pages,• Logo placement varies across pages. • Brand recognition weakens. • Users lose a familiar navigation anchor.,• Place logo consistently (typically top-left). • Link logo to homepage on all pages.,• Logo appears in the same position on every page and links home.,• Logo position changes or is missing on some pages.,• Consistent logo placement supports cognitive predictability and quick orientation.,"GIGW 3.0 – 3.6.1, 3.3; BIS IS 17428:2020 Clause 8.2.3",Consistent logo placement reinforces brand identity and provides a reliable navigation reference point.,Optimizing,Designer,Small Issue,"User trust, Navigation efficiency",Website (Desktop); Website (Mobile View),Common,"Header, Logo",Brand identity,Visual,Deterministic,0.9,v3.0.0
PLD-023,Page Layout and Visual Design,Ensure clicking the logo navigates to the homepage,• Logo does not link to the homepage. • Users lose a common navigation shortcut. • Orientation and trust are reduced.,• Link the logo to the homepage on all pages. • Keep placement consistent and avoid decorative-only usage.,• Logo at top-left links to homepage across all pages.,• Logo is static or links to a non-home destination.,• Predictable logo behavior supports cognitive accessibility and keyboard navigation.,"GIGW 3.0 – 3.6.1, 3.3; BIS IS 17428:2020 Clause 8.2.3",Linking the logo to the homepage aligns with user expectations and provides a reliable navigation anchor.,Foundational,Designer,Medium Issue,"Navigation errors, User trust",Website (Desktop); Website (Mobile View),Common,"Header, Logo",Global navigation,DOM,Deterministic,0.95,v3.0.0
PLD-024,Page Layout and Visual Design,Use attention-grabbing elements sparingly and purposefully,• Excessive animation or bright colors distract users. • Visual noise overwhelms content. • Accessibility risks increase.,"• Apply motion, color, and size changes only to emphasize critical items. • Keep animations subtle and WCAG-compliant.",• Subtle animation highlights a primary CTA only.,• Multiple flashing elements competing for attention.,• Reduces risk for users sensitive to motion or visual overload.,"WCAG 2.1 SC 2.3.1, 1.4.1, 1.4.3; GIGW 3.0 – 3.5.2; BIS IS 17428:2020 Clause 8.2.4","Controlled use of emphasis preserves usability, focus, and accessibility while still guiding attention.",Optimizing,Designer,Medium Issue,"Cognitive load, Drop-offs",Website (Desktop); Website (Mobile View),Common,"Animations, Highlights",Attention management,Visual,Evaluative,0.8,v3.0.0
PLD-025,Page Layout and Visual Design,Align UI components with overall theme and branding,• Components appear visually inconsistent. • Brand coherence is weakened. • User confidence decreases.,"• Use design system components. • Match colors, typography, and styles to brand guidelines.",• Search bar and controls match brand palette and typography.,• Third-party or mismatched components break visual unity.,• Consistent theming improves recognition for users with cognitive impairments.,"DBIM Branding & UI Guidelines; GIGW 3.0 Quality; WCAG 2.1 SC 1.4.3, 3.2.4",Brand-aligned components create a cohesive experience and reinforce legitimacy.,Optimizing,Designer,Small Issue,"Brand trust, Engagement",Website (Desktop); Website (Mobile View),Common,UI components,Visual consistency,Visual,Deterministic,0.9,v3.0.0
PLD-026,Page Layout and Visual Design,Provide access to underlying data for graphs and charts,• Charts convey information only visually. • Users cannot access exact values. • Non-visual users are excluded.,"• Add data labels, tooltips, or tables alongside charts. • Ensure keyboard and screen reader access.",• Bar chart includes numeric labels or accessible data table.,• Chart without labels or alternative data access.,• Ensures non-text content is perceivable to screen reader users.,WCAG 2.1 SC 1.1.1,Providing data access ensures equitable understanding and meets non-text content accessibility requirements.,Foundational,"Designer, Developer",Medium Issue,"Accessibility risk, Comprehension",Website (Desktop); Website (Mobile View),Common,"Charts, Graphs",Data interpretation,Content,Assisted,0.65,v3.0.0
PLD-027,Page Layout and Visual Design,Apply visual hierarchy to guide attention and information flow,• Content lacks clear hierarchy. • Users struggle to identify priorities. • Information flow is unclear.,"• Use size, color, spacing, and positioning to establish hierarchy. • Follow scanning patterns and contrast requirements.","• Headings, CTAs, and primary content clearly stand out.",• Uniform sizing and color make priorities unclear.,• Strong hierarchy aids users with cognitive and visual impairments in understanding structure.,"WCAG 2.1 SC 1.4.1, 1.3.1; DBIM; GIGW 3.0 – 5.1","Visual hierarchy directs attention efficiently, reducing cognitive load and improving task success.",Optimizing,Designer,Medium Issue,"Time-on-task, Cognitive load",Mobile App,Common,"Headings, CTAs",Information flow,Visual,Evaluative,0.75,v3.0.0
PLD-028,Page Layout and Visual Design,Apply a systematic typography scale for readability and comprehension,"• Inconsistent font sizes, weights, or spacing across headings and body text. • Poor readability and comprehension. • Visual hierarchy breaks down.","• Implement a defined type scale across headings and body text. • Maintain consistent line height, letter spacing, and paragraph spacing. • Support responsive and scalable typography.",• H1/H2/H3/body follow a documented scale with consistent spacing and contrast.,• Arbitrary font sizes and spacing used across screens.,• Consistent spacing and scalable text support low-vision users and users relying on text resizing.,"WCAG 2.1 SC 1.4.8, 1.4.12; WCAG 2.2 SC 1.4.11; DBIM Typography; GIGW 3.0 – 5.2","Systematic typography improves readability, hierarchy clarity, and inclusive comprehension across devices.",Optimizing,"Designer, Developer",Medium Issue,"Readability, Cognitive load",Mobile App,Common,"Text, Headings",Content consumption,Visual,Deterministic,0.9,v3.0.0
PLD-029,Page Layout and Visual Design,Apply a consistent visual identity system across all touchpoints,"• Colors, typography, icons, or logos are inconsistently applied. • Brand coherence weakens. • User trust is reduced.","• Use DBIM-defined colors, icons, typography, and logo lockups. • Enforce consistency via templates and audits.","• All screens follow DBIM palette, typography, and icon style.","• Mixed icon styles, fonts, or color palettes across screens.",• Consistent identity improves recognition for users with cognitive impairments.,DBIM Sections 2–5; GIGW 3.0 – 5.1.1,"A consistent visual identity reinforces trust, legitimacy, and usability across digital touchpoints.",Optimizing,Designer,Medium Issue,"Brand trust, Engagement",Mobile App,Common,UI components,Brand consistency,Visual,Evaluative,0.8,v3.0.0
PLD-030,Page Layout and Visual Design,Maintain comprehensive design system documentation,• Reusable components and rules are undocumented. • Inconsistent implementation occurs across teams. • Accessibility rules are missed.,"• Document components, tokens, patterns, and accessibility rules. • Provide usage guidelines and handoff specs.","• Centralized design system with components, tokens, and accessibility notes.",• Ad-hoc designs recreated without guidance.,• Documented accessibility rules support consistent inclusive implementation.,GIGW 3.0 – 5.1; DBIM Component Library & UX Kit,"Design system documentation ensures scalability, consistency, and governance across teams and releases.",Optimizing,"Designer, Developer",Medium Issue,"Consistency gaps, Rework",Mobile App,Common,Design system,Governance & scale,System,Assisted,0.65,v3.0.0
PLD-031,Page Layout and Visual Design,Manage information density using grouping and progressive disclosure,• Screens present too much information at once. • Users feel overwhelmed. • Key content is hard to locate.,"• Group related content into cards or sections. • Use accordions, tabs, and “Show more” patterns. • Apply adequate whitespace.",• Content grouped into cards with expandable sections.,• Long unstructured lists and dense screens.,• Progressive disclosure benefits users with cognitive or attention limitations.,"WCAG 2.1 SC 2.4.8, 1.3.1; GIGW 3.0 – 5.1",Controlled information density reduces cognitive load and improves scanability and task success.,Optimizing,"Designer, Developer",Medium Issue,"Cognitive load, Drop-offs",Mobile App,Common,"Cards, Accordions",Information discovery,"Visual, Interaction",Evaluative,0.75,v3.0.0
PLD-032,Page Layout and Visual Design,Ensure interface affordances clearly communicate functionality,• Interactive elements lack clear affordances. • Users cannot predict what is clickable. • Errors and hesitation increase.,"• Use clear shapes, colors, icons, and states for interactivity. • Provide hover, focus, active, and disabled states. • Meet minimum touch target sizes.","• Buttons have clear depth, states, and labels; links are distinct.",• Interactive items look like static content.,• Clear affordances and states support keyboard and screen reader users.,"WCAG 2.1 SC 1.3.1, 3.2.4; GIGW 3.0 – 5.1",Clear affordances are foundational to predictable interaction and efficient task completion.,Foundational,"Designer, Developer",Big Issue,"Task failure, Misclicks",Mobile App,Common,"Buttons, Inputs, Links",Action initiation,"Visual, Interaction",Deterministic,0.9,v3.0.0
PLD-033,Page Layout and Visual Design,Use rich media purposefully to enhance understanding without clutter,"• Rich media is overused or decorative without informational value. • Media causes clutter, distraction, or accessibility barriers. • Performance and comprehension are negatively impacted.","• Use images, videos, audio, and animations only when they aid understanding. • Provide alt text, captions, transcripts, and user controls. • Respect reduced-motion preferences and optimize performance.","• Images have meaningful alt text, videos include captions, animations are subtle and optional.","• Decorative images without alt text, autoplay videos, excessive animations.","• Non-text alternatives, captions, audio controls, and reduced motion support users with visual, auditory, or vestibular impairments.","GIGW 3.0 – 5.1; WCAG 2.1 SC 1.1.1, 1.4.2","Purposeful rich media improves comprehension while avoiding cognitive overload, accessibility violations, and performance degradation.",Optimizing,"Designer, Developer",Medium Issue,"Comprehension, Page performance, Cognitive load",Mobile App,Common,"Images, Video, Audio, Animations",Content explanation,"Visual, Content",Evaluative,0.8,v3.0.0
PLD-034,Page Layout and Visual Design,Implement platform-specific design patterns while maintaining unified brand identity,• Native platform conventions are ignored. • Interfaces feel unfamiliar or inconsistent with OS expectations. • Brand identity becomes fragmented across platforms.,"• Follow iOS HIG and Material Design guidelines per platform. • Use native components and gestures. • Maintain DBIM colors, typography intent, and branding consistently.","• iOS uses tab bars and SF symbols; Android uses Material components, both retaining DBIM branding.",• Same UI patterns forced across iOS and Android without adaptation.,• Native components improve accessibility support provided by the operating system.,GIGW 3.0 – 5.1; DBIM Section 8,Respecting platform conventions reduces learning effort while a unified brand system preserves trust and recognition.,Optimizing,"Designer, Developer",Medium Issue,"Learnability, User trust",Mobile App,Common,"Navigation, Controls",Cross-platform experience,"Visual, System",Evaluative,0.75,v3.0.0
RES-001,Responsiveness,Maintain consistent branding across all screen sizes,"• Logos, colours, or fonts change across breakpoints. • Brand recognition weakens on smaller screens. • Visual trust is reduced.","• Use reusable branding components and a unified style guide. • Lock logo placement, colour tokens, and font families across breakpoints.","• Logo, colours, and fonts remain identical on desktop and mobile views.",• Logo disappears or colours/fonts change on mobile view.,• Consistent branding improves recognition for users with cognitive impairments and reduces disorientation.,GIGW 3.0 – 2.1.4; DBIM Branding Guidelines; BIS IS 17428:2020; BIS IS 17802:2022,"Branding consistency across responsive layouts reinforces trust, legitimacy, and recognition for government services.",Optimizing,"Designer, Developer",Small Issue,"User trust, Brand recall",Website (Desktop); Website (Mobile View); Mobile App,Common,"Header, Footer, Typography",Responsive layout,Visual,Deterministic,0.9,v3.0.0
RES-002,Responsiveness,Design touch-friendly elements with adequate spacing,• Buttons and links are too small or too close. • Accidental taps occur. • Mobile usability degrades.,• Maintain minimum 48×48px touch targets. • Keep 8–12px spacing between interactive elements. • Design for finger ergonomics.,"• Buttons are large, well-spaced, and easy to tap on mobile.","• Small, tightly packed buttons cause mis-taps.",• Adequate target size and spacing support users with motor impairments.,GIGW 3.0 – 6.3.3; BIS IS 17802 (Part 2) 10.3.2; WCAG 2.2 SC 2.5.8,"Proper touch spacing reduces errors, frustration, and task failure on touch devices.",Foundational,"Designer, Developer",Big Issue,"Task failure, Rage clicks",Website (Mobile View); Mobile App,Common,"Buttons, Links",Touch interaction,"Visual, Interaction",Deterministic,0.9,v3.0.0
RES-003,Responsiveness,Optimize images and media for responsive resizing,• Images do not resize correctly across screens. • Layout breaks or content overflows. • Performance suffers.,• Use responsive images with srcset. • Compress media and prevent fixed dimensions. • Ensure images reflow correctly.,• Images resize fluidly without distortion across breakpoints.,• Images overflow containers or appear cropped on small screens.,• Responsive images support zoom and reflow for low-vision users.,GIGW 3.0 – 6.3.4; WCAG 2.1 SC 1.4.10; BIS IS 17802 (Part 2) 10.2.4,"Responsive media preserves visual integrity, performance, and accessibility across devices.",Optimizing,"Designer, Developer",Medium Issue,"Layout stability, Page speed",Website (Desktop); Website (Mobile View),Common,"Images, Media",Responsive content,"Visual, DOM",Evaluative,0.8,v3.0.0
RES-004,Responsiveness,Optimize performance for mobile devices,• Heavy files and scripts slow mobile loading. • Users abandon pages. • Battery and data usage increase.,"• Minify CSS/JS, compress media. • Lazy-load non-critical content. • Prioritize above-the-fold resources.",• Pages load quickly on mobile under typical network conditions.,• Long load times due to large scripts and media.,• Faster performance benefits users with limited bandwidth or assistive technologies.,GIGW 3.0 – 6.2.2; WCAG 2.2 SC 2.2.1,"Mobile performance optimization directly impacts usability, retention, and service completion.",Foundational,Developer,Big Issue,"Drop-offs, Page load time",Website (Mobile View); Mobile App,Common,"Scripts, Media",Mobile performance,System,Deterministic,0.9,v3.0.0
RES-005,Responsiveness,Use responsive containers to maintain layout structure,• Fixed widths break layout on different screens. • Content alignment becomes inconsistent.,• Use container-based layouts with breakpoints. • Avoid hardcoded widths. • Apply adaptive spacing.,• Layout scales proportionally across screen sizes.,• Fixed-width layouts cause horizontal scrolling.,• Proper reflow supports users who zoom or use small screens.,DBIM Responsive Design Guidelines; WCAG 2.2 SC 1.4.10; GIGW 3.0 Layout Consistency,Responsive containers ensure structural consistency and predictable navigation across devices.,Optimizing,"Designer, Developer",Medium Issue,"Layout breakage, Usability",Website (Desktop); Website (Mobile View),Common,Layout containers,Responsive structure,"DOM, Visual",Evaluative,0.75,v3.0.0
RES-006,Responsiveness,"Implement a flexible, adaptive grid layout across devices",• Layout does not adapt smoothly across screen sizes. • Alignment breaks on smaller devices.,"• Use a responsive grid (e.g., 12-column) with CSS Grid/Flexbox. • Define gutters and responsive breakpoints.","• Grid reflows correctly across desktop, mobile view, and app screens.",• Fixed columns cause overlap or horizontal scroll.,• Proper reflow supports zoom and small screens without loss of content.,WCAG 2.1 SC 1.4.10; GIGW 3.0 – 2.2.1; BIS IS 17802:2022 Part 2 – 4.3.2,"Adaptive grids preserve structure and predictability across devices, reducing usability errors.",Optimizing,"Designer, Developer",Medium Issue,"Layout stability, Task efficiency",Website (Desktop); Website (Mobile View); Mobile App,Common,"Layout grid, Containers",Responsive layout,"DOM, Visual",Evaluative,0.75,v3.0.0
RES-007,Responsiveness,Adjust text size and line height for readable content across devices,• Text is too small or dense on some screens. • Users must zoom to read.,• Use relative units (rem/em). • Maintain line height 1.4–1.6 and optimal line length.,• Text remains readable without zoom on all devices.,• Fixed px fonts cause cramped or tiny text on mobile.,• Supports text resizing and readability for low-vision users.,"WCAG 2.1 SC 1.4.4, 1.4.12; GIGW 3.0 Accessibility",Responsive typography improves comprehension and reduces visual strain.,Optimizing,"Designer, Developer",Medium Issue,"Readability, Content comprehension",Website (Desktop); Website (Mobile View),Common,"Text, Paragraphs",Content reading,Visual,Evaluative,0.75,v3.0.0
RES-008,Responsiveness,Use CSS media queries to adapt styles by screen size,• Styles do not adapt at breakpoints. • Layout and spacing feel inconsistent.,"• Apply CSS media queries for layout, spacing, and typography. • Prefer CSS over JS for resizing.",• Breakpoints adjust layout and spacing cleanly.,• Single static stylesheet across all screens.,• Proper reflow and contrast at breakpoints aid accessibility.,WCAG 2.1 SC 1.4.10; GIGW 3.0 Responsive Web Design,"Media queries enable predictable, accessible adaptation across viewports.",Optimizing,"Designer, Developer",Medium Issue,"Usability, Visual consistency",Website (Desktop); Website (Mobile View),Common,"Layout, Typography",Responsive styling,DOM,Evaluative,0.7,v3.0.0
RES-009,Responsiveness,Create fluid layouts using relative units,• Fixed units prevent smooth resizing. • Visual hierarchy breaks across screens.,"• Use %, vw, rem for widths and spacing. • Avoid fixed pixel layouts.",• Layout scales proportionally across devices.,• Fixed-width containers cause overflow.,• Fluid layouts support zoom and varied device sizes.,WCAG 2.1 SC 1.4.4; GIGW 3.0 Responsive Design,Fluid layouts ensure continuity and adaptability across form factors.,Optimizing,"Designer, Developer",Medium Issue,"Layout breakage, Readability",Website (Desktop); Website (Mobile View),Common,"Containers, Sections",Responsive scaling,"DOM, Visual",Evaluative,0.75,v3.0.0
RES-010,Responsiveness,Include viewport meta tag for proper mobile rendering,• Pages render zoomed-out or broken on mobile. • Touch interaction is impaired.,• Add viewport meta tag with device width and initial scale.,• Page renders correctly on mobile browsers.,• Mobile page appears tiny and requires zoom.,• Enables proper reflow and zoom behavior on mobile devices.,GIGW 3.0 Responsive Web Design; DBIM Mobile Guidelines; BIS IS 17802:2022 Part 1 – 7.4.4; WCAG 2.2 SC 1.4.10,Viewport configuration is foundational for responsive and accessible mobile rendering.,Foundational,Developer,Big Issue,"Mobile usability, Drop-offs",Website (Desktop); Website (Mobile View),Common,HTML head,Mobile rendering,DOM,Deterministic,0.9,v3.0.0
WTH-001,Exploration Without Login,Allow exploration of key content without login,• Users are forced to log in before understanding value. • Early trust and discoverability are reduced.,"• Keep informational content, FAQs, guides, and eligibility openly accessible. • Gate only user-specific actions.","• Users can browse services, FAQs, and guides without authentication.",• Login wall blocks all content at entry.,• Open access supports users with cognitive load sensitivity and reduces anxiety.,GIGW 3.0 UX Discoverability; DBIM Section 3.3; BIS IS 17802:2022 Clause 8.3.1,"Allowing exploration before login builds trust, clarity, and informed decision-making before commitment.",Optimizing,"Designer, Developer",Medium Issue,"User trust, Drop-offs",Website (Desktop); Website (Mobile View); Mobile App,Common,Content pages,Pre-login exploration,"Content, Interaction",Evaluative,0.8,v3.0.0
WTH-002,Exploration Without Login,Provide teaser or preview of premium features,• Users cannot assess value before signing up. • Engagement motivation is low.,"• Show limited previews, blurred data, or demo states for premium features.",• Demo dashboards and sample results visible pre-login.,• No indication of premium value until after signup.,• Clear previews reduce uncertainty and cognitive friction.,DBIM 3.3; GIGW 3.0 Engagement Design; BIS IS 17802:2022 Clause 8.3.3,"Teasers balance transparency with controlled access, improving conversion without misleading users.",Optimizing,"Designer, Developer",Small Issue,"Engagement, Conversion",Website (Desktop); Website (Mobile View); Mobile App,Common,Feature previews,Progressive disclosure,"Visual, Content",Evaluative,0.75,v3.0.0
WTH-003,Exploration Without Login,Restrict interactive actions for non-logged-in users,• Sensitive or data-modifying actions are exposed. • Security and data integrity risks arise.,"• Allow browsing but restrict actions like apply, comment, or submit to logged-in users.","• “Apply” or “Save” requires login, browsing remains open.",• Anonymous users can submit forms or modify data.,• Clear gating prevents accidental data submission and confusion.,"GIGW 3.0 Security 2.3, 3.5.1; DBIM 4.3; BIS IS 17802:2022 Clause 6.2.4",Separating exploration from action ensures usability without compromising security.,Foundational,"Designer, Developer",Medium Issue,"Data integrity, Security risk",Website (Desktop); Website (Mobile View); Mobile App,Common,"Forms, Actions",Pre-auth interaction,"Interaction, System",Evaluative,0.75,v3.0.0
WTH-004,Exploration Without Login,Integrate single sign-on (SSO) for seamless authentication,• Users face repeated or complex login flows. • Drop-offs occur at authentication.,• Integrate government-approved SSO for unified access across services.,• User logs in once and accesses multiple services seamlessly.,• Separate credentials required for each service.,• SSO reduces cognitive effort and repetitive input for users.,GIGW 3.0 2.4.3; DBIM 3.4.2; BIS IS 17802:2022 Clause 6.5.1,"SSO improves continuity, efficiency, and trust in government digital ecosystems.",Foundational,Developer,Big Issue,"Drop-offs, Task completion",Website (Desktop); Website (Mobile View); Mobile App,Common,Authentication,Cross-service access,System,Deterministic,0.9,v3.0.0
WTH-005,Exploration Without Login,Provide offline access to previously viewed content,• Users lose access in low-connectivity scenarios. • Critical information becomes unavailable.,• Cache static and viewed content using service workers or local storage.,• FAQs and guides accessible offline after first view.,• No content available without connectivity.,• Offline access benefits users in low-bandwidth or rural areas.,GIGW 3.0 3.4.6; DBIM 4.5.3; BIS IS 17802:2022 Clause 8.2.2,Offline access increases resilience and inclusivity in real-world usage conditions.,Optimizing,Developer,Medium Issue,"Task continuity, User trust",Website (Desktop); Website (Mobile View); Mobile App,Common,Cached content,Low-connectivity use,System,Evaluative,0.75,v3.0.0
WTH-006,Exploration Without Login,Prompt login when accessing restricted features,• Users are blocked without explanation. • Abrupt interruptions cause frustration.,• Show contextual login/signup prompts when restricted actions are attempted.,• Inline or modal prompt appears when user clicks “Save” or “Apply.”,• Hard redirect to login without context.,• Clear prompts reduce confusion for assistive technology users.,GIGW 3.0 3.4.2; DBIM 4.1.3; BIS IS 17802:2022 Clause 6.1.2,Contextual access gating preserves flow while enforcing authentication rules.,Optimizing,"Designer, Developer",Medium Issue,"Friction, Drop-offs",Website (Desktop); Website (Mobile View); Mobile App,Common,Login prompts,Access gating,Interaction,Evaluative,0.75,v3.0.0
WTH-007,Exploration Without Login,Provide accessible and discoverable search for guest users,"• Guest users cannot find content efficiently. • Search is hidden, limited, or unavailable without login. • Users struggle with typos or vague queries.","• Expose search without authentication. • Support autocomplete, spell correction, filters, and sorting. • Ensure keyboard and screen reader accessibility.","• Persistent search bar visible pre-login with suggestions, filters, and accessible results.",• Search hidden behind login or returns poor/no results for common queries.,"• Proper ARIA roles, keyboard navigation, and clear result structure support screen reader and keyboard users.","WCAG 2.1 SC 2.4.5, 3.3.2; WCAG G161; GIGW 3.0 – 5.1",Search is a primary discovery mechanism; making it accessible pre-login significantly improves findability and task success.,Optimizing,"Designer, Developer",Medium Issue,"Findability, Task success, Drop-offs",Mobile App,Common,"Search bar, Results list, Filters",Content discovery,"DOM, Interaction",Evaluative,0.75,v3.0.0
WTH-008,Exploration Without Login,Enable content sharing via social media and copy links,• Users cannot easily share useful content. • Outreach and awareness are limited.,• Provide contextual social sharing buttons and copy-link options without clutter.,"• Articles and service pages include share buttons (e.g., WhatsApp, X, copy link).","• No sharing options or intrusive, cluttered share controls.",• Clearly labeled share controls support assistive technology users.,GIGW 3.0 – 4.3.3; DBIM 3.3.2; BIS IS 17802:2022 Clause 6.4.1,"Easy content sharing increases reach, transparency, and citizen awareness without forcing registration.",Optimizing,"Designer, Developer",Small Issue,"Engagement, Outreach",Website (Desktop); Website (Mobile View); Mobile App,Content pages,Share buttons,Content dissemination,Interaction,Evaluative,0.7,v3.0.0
WTH-009,Exploration Without Login,Communicate registration value proposition clearly and voluntarily,• Users do not understand why registration is beneficial. • Registration feels forced or unclear.,• Clearly explain benefits of registration. • Keep opt-in voluntary. • Avoid dark patterns and blocking critical services.,"• Guest users see clear benefits like saved history, personalization, and faster services before signing up.",• Registration required without explanation or incentives.,• Transparent messaging reduces anxiety and supports informed consent for all users.,GIGW 3.0 – 5.1 User Engagement,Clear value communication increases voluntary sign-ups while maintaining trust and ethical onboarding.,Optimizing,"Designer, Developer",Medium Issue,"Conversion, User trust",Mobile App,"Pre-login, Onboarding","CTAs, Messaging",Guest-to-user transition,"Content, Interaction",Evaluative,0.75,v3.0.0
LOG-001,Login and Signup Guidelines,Integrate government-approved SSO API for seamless authentication,• Users must create separate credentials per service. • Login friction and drop-offs increase. • Identity trust is fragmented.,"• Integrate Meri Pehchaan SSO API with approved IDPs (DigiLocker, Parichay, e-Pramaan). • Ensure seamless login across services.",• User logs in once via Meri Pehchaan and accesses multiple services without re-authentication.,• Separate login systems per service with repeated credential creation.,• SSO reduces repetitive input and cognitive effort for users with accessibility needs.,GIGW 3.0 – GuDApps SSO Integration; UX4G Authentication Guidelines,"SSO is foundational to unified digital identity, reducing friction while increasing trust and adoption of government services.",Foundational,Developer,Big Issue,"Drop-offs, Task completion",Website (Desktop); Website (Mobile View); Mobile App,Common,Authentication,Cross-service login,System,Deterministic,0.9,v3.0.0
LOG-002,Login and Signup Guidelines,Follow official SSO integration documentation for secure implementation,"• SSO is implemented inconsistently. • Security, consent, or token handling gaps exist.","• Follow official Meri Pehchaan documentation for token validation, encryption, consent flows, and callbacks.",• OAuth/OIDC flow implemented exactly as per MeitY documentation.,• Custom or incomplete SSO flows bypass official standards.,• Proper implementation ensures secure authentication flows for all users.,GIGW 3.0 – Cybersecurity Standards; MeitY SSO Guidelines; UX4G SSO Compliance,"Compliance with official SSO documentation ensures national security, interoperability, and audit readiness.",Foundational,Developer,Big Issue,"Security risk, Compliance failure",Website (Desktop); Website (Mobile View); Mobile App,Common,Authentication,Secure login,System,Evaluative,0.8,v3.0.0
LOG-003,Login and Signup Guidelines,Place login/sign-up entry points prominently and consistently,• Users cannot easily locate login option. • Navigation friction increases.,• Place login/sign-up button prominently (navbar/header or primary menu). • Maintain consistent placement across screens.,• Login button visible in navbar on all pages.,• Login buried in footer or hidden behind multiple steps.,• Clear placement aids keyboard and screen reader navigation.,GIGW 3.0 – Authentication Integration,Prominent login access reduces confusion and improves task efficiency for returning users.,Optimizing,Designer,Medium Issue,"Navigation friction, Drop-offs",Website (Desktop); Website (Mobile View); Mobile App,Common,"Navbar, Header",Entry to authentication,Visual,Deterministic,0.9,v3.0.0
LOG-004,Login and Signup Guidelines,Maintain consistent official SSO branding across platforms,• SSO branding is altered or inconsistently applied. • User trust is reduced.,"• Use Meri Pehchaan logo, colors, and labels exactly as specified. • Do not modify proportions or placement.",• Official Meri Pehchaan branding used consistently on all login screens.,• Modified logos or inconsistent branding across platforms.,• Consistent branding helps users recognize trusted login paths.,GIGW 3.0 – Branding & Identity; Meri Pehchaan Integration Handbook; UX4G Brand Consistency,Official branding reinforces trust and recognisability of national authentication services.,Optimizing,"Designer, Developer",Medium Issue,"User trust, Recognition",Website (Desktop); Website (Mobile View); Mobile App,Common,Login screen,Authentication branding,Visual,Deterministic,0.9,v3.0.0
LOG-005,Login and Signup Guidelines,Enforce strong authentication security standards,• Weak authentication exposes user data. • Risk of impersonation or data leakage.,"• Use HTTPS, encrypted tokens, secure session handling, CAPTCHA, and MFA where applicable. • Follow Meri Pehchaan security requirements strictly.",• OAuth/OIDC over HTTPS with MFA and CSRF protection enabled.,• Plain-text credentials or insecure session handling.,"• Strong security protects all users, especially those unfamiliar with digital threats.",GIGW 3.0 – Authentication Security; Meri Pehchaan Security Guidelines; UX4G Handbook,Robust authentication security is critical for protecting citizen data and maintaining platform integrity.,Foundational,Developer,Big Issue,"Security breaches, Trust loss",Website (Desktop); Website (Mobile View); Mobile App,Common,Authentication,Secure access,System,Evaluative,0.8,v3.0.0
LOG-006,Login and Signup Guidelines,Clearly communicate data privacy policies and terms of service,"• Users are not informed how their data is collected, used, or protected. • Transparency and trust are compromised.","• Display clear Privacy Policy and Terms links on all login, signup, and data-collection screens. • Use plain, non-technical language to explain data usage and protection.",• Privacy Policy and Terms are visible and readable before submission on login/signup screens.,"• Policies are hidden, vague, or accessible only after login.","• Clear disclosure supports informed consent, especially for users with cognitive limitations.",GIGW 3.0 – Privacy & Transparency; UX4G Handbook Section 6.3,Transparent privacy communication is foundational for user trust and legal compliance in government services.,Foundational,"Designer, Developer",Big Issue,"User trust, Compliance risk",Website (Desktop); Website (Mobile View); Mobile App,"Login, Signup",Policy links,Data collection,Content,Deterministic,0.9,v3.0.0
LOG-007,Login and Signup Guidelines,Obtain explicit user consent before initiating SSO,• Users are redirected to SSO without informed consent. • Data access expectations are unclear.,• Present a consent screen detailing data accessed and usage. • Use unticked checkboxes and clear options to proceed or decline.,• Consent screen clearly lists data fields and requires explicit confirmation.,• SSO initiates immediately without any consent explanation.,"• Explicit consent flows benefit all users, including screen reader users, by clarifying intent.",GIGW 3.0 Section 5.3; DPDP Act 2023; UX4G Handbook Section 6.3,Explicit consent is a legal and ethical requirement for identity and data-sharing processes.,Foundational,Developer,Big Issue,"Legal risk, User trust",Website (Desktop); Website (Mobile View); Mobile App,Pre-SSO,Consent screens,Authentication,"Interaction, System",Deterministic,0.9,v3.0.0
LOG-008,Login and Signup Guidelines,Allow seamless linking of existing accounts with SSO credentials,• Existing users lose data continuity when adopting SSO. • Multiple accounts are created unnecessarily.,"• Provide secure, optional account linking during or after SSO login. • Preserve user data and preferences.",• User links existing account to Meri Pehchaan and retains history and settings.,"• Users must create a new account, losing prior data.",• Clear linking flows reduce confusion for users with memory or cognitive constraints.,UX4G Handbook Section 4.10,Account linking ensures continuity while enabling transition to national SSO infrastructure.,Optimizing,"Designer, Developer",Medium Issue,"Account fragmentation, Friction",Website (Desktop); Website (Mobile View); Mobile App,Login,Account linking,Migration to SSO,System,Evaluative,0.7,v3.0.0
LOG-009,Login and Signup Guidelines,Simplify login and signup UI to minimize steps,• Login/signup requires too many steps or fields. • Cognitive load and abandonment increase.,"• Use minimal steps (e.g., OTP or single SSO CTA). • Apply progressive disclosure and clear labels.",• One-step OTP login or single “Continue with Meri Pehchaan” button.,• Multi-page forms with unnecessary fields.,• Simplified flows support users with cognitive or motor impairments.,GIGW 3.0 Usability; WCAG 2.2 SC 3.3.8; UX4G Handbook Section 4.1,Reducing steps improves completion rates and accessibility for diverse users.,Optimizing,"Designer, Developer",Medium Issue,"Drop-offs, Completion rate",Website (Desktop); Website (Mobile View); Mobile App,"Login, Signup","Forms, CTAs",Authentication flow,Interaction,Deterministic,0.85,v3.0.0
LOG-010,Login and Signup Guidelines,Conduct thorough testing of login and SSO integrations,"• Login or SSO fails under edge cases (OTP errors, network issues). • Reliability and trust suffer.","• Test authentication across devices, browsers, networks, and failure states. • Include functional, security, and accessibility testing.",• SSO and OTP flows handle errors gracefully across conditions.,• Login breaks on slow networks or token expiry scenarios.,• Robust testing ensures reliable access for users relying on assistive technologies.,UX4G Integration Testing Guidelines,Comprehensive testing prevents critical access failures in citizen-facing services.,Foundational,Developer,Big Issue,"Login failure rate, User trust",Website (Desktop); Website (Mobile View); Mobile App,Login,Authentication,Edge-case handling,System,Evaluative,0.8,v3.0.0
LOG-011,Login and Signup Guidelines,Keep SSO integration updated with latest APIs and security patches,• SSO integration becomes outdated. • Security vulnerabilities and authentication failures occur. • Compliance risk increases.,"• Monitor Meri Pehchaan release notes, deprecations, and security advisories. • Apply updates and patches promptly. • Retest authentication flows after each update.",• SSO continues to function seamlessly after API upgrades with no user disruption.,• Login fails due to deprecated endpoints or outdated SDKs.,• Up-to-date integrations reduce unexpected failures that disproportionately affect assistive-technology users.,UX4G Handbook Section 6.7 – API Maintenance & Security Compliance,"Continuous maintenance of authentication integrations is essential for security, reliability, and citizen trust.",Foundational,Developer,Big Issue,"Login failures, Security incidents",Website (Desktop); Website (Mobile View); Mobile App,Login,SSO integration,Authentication lifecycle,System,Evaluative,0.8,v3.0.0
LOG-012,Login and Signup Guidelines,Use trust indicators to reassure users during login,• Users are unsure about the legitimacy of the login process. • Anxiety increases during credential entry.,"• Display government emblems, SSL indicators, and verified security badges near login areas. • Avoid decorative or misleading badges.",• Login screen shows official government emblem and secure connection indicators.,• Login screen lacks any reassurance signals or shows unofficial badges.,• Clear trust indicators help users with cognitive concerns feel confident during sensitive actions.,GIGW 3.0 – Visual Identity; DBIM Co-branding & Identity; UX4G Handbook Section 6.9,Trust signals reduce perceived risk and increase completion rates for authentication flows.,Optimizing,"Designer, Developer",Medium Issue,"User trust, Drop-offs",Website (Desktop); Website (Mobile View); Mobile App,Login,"Badges, Emblems",Authentication reassurance,Visual,Evaluative,0.75,v3.0.0
LOG-013,Login and Signup Guidelines,Provide contextual error guidance and recovery mechanisms,• Users receive vague or technical error messages. • Recovery paths are unclear. • Frustration and abandonment increase.,"• Show inline, specific error messages with actionable suggestions. • Provide recovery options (retry, reset, help). • Handle network and auth failures gracefully.","• Error message clearly explains issue and suggests next steps (e.g., retry OTP, reset password).",• Generic errors like “Something went wrong” with no guidance.,• WCAG-compliant error identification and suggestions support screen reader and keyboard users.,"WCAG 2.1 SC 3.3.1, 3.3.3, 3.3.4; GIGW 3.0 – 5.1","Clear error guidance improves task recovery, reduces support burden, and enhances trust.",Optimizing,"Designer, Developer",Medium Issue,"Task abandonment, Support tickets",Mobile App,Login,"Forms, Error messages",Authentication failure handling,"Interaction, Content",Evaluative,0.75,v3.0.0
SEA-001,Search,"Provide a search bar for large, exploration-heavy products",• Users struggle to locate content in large systems. • Navigation alone is insufficient for discovery.,• Include a visible search bar when content scale is large. • Keep search persistent and easy to access.,• Search bar visible on homepage and key screens for content-heavy portals.,• No search provided despite large information volume.,• Search supports alternative navigation paths for users with cognitive or memory limitations.,"GIGW 3.0 – 2.2.12, 3.3.2; DBIM Search UI; WCAG 2.1 SC 2.4.5; BIS IS 17428:2020",Persistent search is essential for efficient exploration in large government digital systems.,Optimizing,"Designer, Developer",Medium Issue,"Findability, Task efficiency",Website (Desktop); Website (Mobile View); Mobile App,Common,Search bar,Content discovery,"Visual, Interaction",Evaluative,0.75,v3.0.0
SEA-002,Search,Place search functionality prominently for quick access,• Search is hidden or requires scrolling. • Users fail to discover search quickly.,• Place search in the header or primary navigation. • Ensure it is visible above the fold and consistently positioned.,• Search bar visible at top of screen without scrolling.,• Search buried in menus or secondary screens.,• Prominent placement improves keyboard and screen reader navigation.,WCAG 2.1 SC 2.4.5; WCAG G161; GIGW 3.0 – 5.1,Easy discoverability of search reduces friction and reliance on complex navigation.,Optimizing,"Designer, Developer",Medium Issue,"Navigation friction, Drop-offs",Mobile App,Common,"Header, Navigation",Primary navigation,Visual,Evaluative,0.7,v3.0.0
SEA-003,Search,Provide auto-suggestions to improve search efficiency,• Users must type full queries. • Spelling errors and uncertainty reduce success.,• Implement auto-suggestions and predictive typing as users type.,• Suggestions appear dynamically based on partial input.,• No suggestions; users must guess exact terms.,• Suggestions aid users with cognitive or literacy challenges.,GIGW 3.0 – 3.3.3; DBIM Search Interaction; BIS IS 17428:2020,"Auto-suggestions reduce effort, errors, and uncertainty during search.",Optimizing,"Designer, Developer",Medium Issue,"Task success, Search refinement",Website (Desktop); Website (Mobile View),Search results,Search suggestions,Query formulation,Interaction,Evaluative,0.75,v3.0.0
SEA-004,Search,Clearly indicate whether search is global or local,• Users are unsure of search scope. • Results feel unexpected or irrelevant.,• Label search scope clearly (global vs section-specific). • Use toggles or contextual labels.,• Search labeled “Search entire portal” or “Search this section”.,• No indication of search scope.,• Clear scope labeling supports predictability for all users.,GIGW 3.0 Search UX; WCAG 2.1 SC 2.4.5; WCAG G161,Explicit scope communication prevents confusion and improves trust in search results.,Optimizing,"Designer, Developer",Medium Issue,"Result relevance, User confidence",Website (Desktop); Website (Mobile View); Mobile App,Common,Search bar,Search scope awareness,Content,Deterministic,0.9,v3.0.0
SEA-005,Search,Enable filtering and sorting of search results,• Large result sets overwhelm users. • Users cannot refine queries effectively.,"• Provide filters (category, date, type) and sorting options. • Use collapsible or chip-based filters.",• Users refine results using filters and sort controls.,"• Flat, unfiltered result lists only.",• Filters support manageable content blocks for assistive tech users.,WCAG 2.1 / 2.2 SC 3.3.5; GIGW 3.0 Search Usability,Filtering and sorting reduce cognitive load and improve efficiency in large result sets.,Optimizing,"Designer, Developer",Medium Issue,"Task efficiency, Drop-offs",Website (Desktop); Website (Mobile View); Mobile App,Search results,"Filters, Sort controls",Result refinement,Interaction,Evaluative,0.75,v3.0.0
SEA-006,Search,Provide auto-complete suggestions while typing,• Users must type full queries manually. • Search effort and errors increase on mobile.,• Enable real-time auto-complete suggestions as users type. • Surface popular and matching queries instantly.,• Suggestions appear dynamically after 2–3 characters.,• Search input accepts text but provides no suggestions.,"• Suggestions reduce cognitive and motor effort, especially for users with limited dexterity.","GIGW 3.0 Search UX; WCAG 2.1 / 2.2 SC 3.3.5, SC 3.2.2","Auto-complete accelerates search, prevents errors, and improves overall discovery efficiency.",Optimizing,Developer,Medium Issue,"Search efficiency, Task completion time",Website (Desktop); Website (Mobile View); Mobile App,Search,"Search input, Suggestions list",Query formulation,Interaction,Evaluative,0.75,v3.0.0
SEA-007,Search,Rank search results by relevance and importance,• Results appear unordered or random. • High-value content is buried.,"• Implement relevance-based ranking using keywords, recency, and service priority. • Make ranking logic user-centric.",• Most relevant and official services appear first.,• Results displayed in arbitrary or chronological order only.,• Predictable ordering helps users with cognitive impairments locate content faster.,"GIGW 3.0 Search Experience; WCAG 2.1 / 2.2 SC 3.3.5, SC 3.2.2","Relevant ranking ensures trust, reduces scanning effort, and improves search success.",Optimizing,"Designer, Developer",Medium Issue,"Task success, Content discoverability",Website (Desktop); Website (Mobile View); Mobile App,Search results,Results list,Result evaluation,Content,Evaluative,0.8,v3.0.0
SEA-008,Search,Support voice search for hands-free interaction,• Users with motor or literacy constraints face barriers. • Mobile input is slower.,• Integrate voice search using supported APIs. • Allow natural language input.,• Users can tap a microphone icon and speak queries.,• Search is limited to text-only input.,• Voice input supports inclusive access and alternative input modalities.,"GIGW 3.0 Accessibility; WCAG 2.1 / 2.2 SC 2.1.1, SC 4.1.2","Voice search improves accessibility and usability, especially on mobile and assistive contexts.",Advanced,"Designer, Developer",Small Issue,"Accessibility adoption, Search usage",Website (Desktop); Website (Mobile View); Mobile App,Search,Voice input control,Assistive interaction,Functional,Assistive,0.6,v3.0.0
SEA-009,Search,Provide fast-loading results with visible loading feedback,• Users experience uncertainty during result loading. • Slow response feels broken.,• Optimize search queries and show loading indicators during fetch. • Use spinners or skeletons.,• Results load quickly with clear loading feedback.,• Blank screen or frozen UI during search.,• Status indicators are required for screen reader users to understand system state.,GIGW 3.0 Performance; WCAG 2.1 SC 4.1.3,Feedback during latency maintains trust and prevents premature abandonment.,Optimizing,"Designer, Developer",Medium Issue,"Perceived performance, Drop-offs",Website (Desktop); Website (Mobile View); Mobile App,Search results,"Loader, Status message",Network latency,Interaction,Evaluative,0.75,v3.0.0
SEA-010,Search,Use lazy loading for large search result sets,• Initial result load is heavy and slow. • Users may not need all results immediately.,• Load only visible results initially. • Fetch additional results on scroll or pagination.,• Results load progressively as the user scrolls.,• Entire result set loads at once.,• Progressive loading reduces cognitive and performance load for all users.,"GIGW 3.0 Performance; WCAG 2.1 / 2.2 SC 2.2.2, SC 4.1.3",Lazy loading balances performance with accessibility in large datasets.,Optimizing,"Designer, Developer",Medium Issue,"Load time, Scroll engagement",Website (Desktop); Website (Mobile View); Mobile App,Search results,"Infinite scroll, Pagination",Large result sets,Interaction,Evaluative,0.7,v3.0.0
SEA-011,Search,Maintain consistent search placement and interaction across screens,• Search location changes across screens. • Users must re-learn where and how to search. • Increases cognitive load and errors.,"• Keep search placement identical across all screens. • Use consistent styling, icons, animations, and interaction behavior.",• Search appears in the same header position with identical behavior on all screens.,"• Search appears in header on one screen, footer or FAB on another.",• Consistent identification supports users with cognitive impairments and reduces navigation effort.,WCAG 2.1 SC 3.2.4; GIGW 3.0 Quality Guidelines 5.1,"Predictable placement builds familiarity, reduces mental effort, and improves task efficiency.",Optimizing,"Designer, Developer",Medium Issue,"Cognitive load, Task efficiency, Navigation errors",Mobile App,All,Search bar,Cross-screen navigation,"Visual, Interaction",Evaluative,0.75,v3.0.0
SEA-012,Search,Align search bar visual styling with brand and design system,• Search bar styling feels inconsistent with brand. • Visual fragmentation reduces trust and coherence.,"• Apply DBIM colors, typography, icons, spacing, and elevation consistently. • Match search styling to design system tokens.","• Search bar uses DBIM palette, Noto Sans, standard iconography, and approved dimensions.","• Search bar uses ad-hoc colors, fonts, or non-standard icons.",• Adequate contrast and consistent styling support readability and recognition for all users.,DBIM UI Standards Section 8; GIGW 3.0 Quality Guidelines 5.1,Visual consistency reinforces brand trust and creates a cohesive user experience.,Foundational,Designer,Small Issue,"User trust, Visual coherence",Mobile App,All,Search bar,Branding and theming,Visual,Evaluative,0.7,v3.0.0
PER-001,Personalisation,Use consent-based personalisation to tailor content and features,• Personalisation uses user data without explicit consent. • Users cannot control or understand personalisation logic. • Risk of trust erosion and regulatory non-compliance.,"• Clearly explain personalisation use cases before activation. • Obtain explicit opt-in consent. • Provide granular controls to enable, disable, or adjust personalisation from settings.",• User opts in to content recommendations and can manage preferences at any time.,• Personalised notifications enabled by default with no explanation or opt-out.,• Consent flows must be screen-reader accessible and avoid coercive patterns.,GIGW 3.0 – Functional Requirements & Privacy Principles; UX4G Handbook – Data-Driven UX; WCAG 2.2 SC 3.3.4,"Consent-driven personalisation improves relevance while preserving trust, transparency, and compliance.",Foundational,"Designer, Developer",Big Issue,"Trust, Engagement, Regulatory compliance",Website (Desktop); Website (Mobile View); Mobile App,All,Recommendation engine; Notification settings,"Logged-in, data-aware contexts","Policy, UX review",Evaluative,0.8,v3.0.0
PER-002,Personalisation,Ensure personal data collection complies with government data protection regulations,• Excessive or unclear data collection. • Missing user control over shared data. • Risk of legal and ethical violations.,"• Collect only necessary data. • Provide clear disclosures and privacy links. • Allow users to view, edit, and delete their data.","• Data collection is minimal, purpose-bound, and user-controlled.",• Collects personal data without disclosure or deletion options.,• Clear labels and error prevention reduce accidental data submission.,GIGW 3.0 – Data Protection Compliance; UX4G Handbook – Privacy by Design; WCAG 2.2 SC 3.3.1,"Privacy-by-design ensures lawful, ethical, and user-respectful personalisation.",Foundational,Developer,Big Issue,"Trust, Compliance risk, Data quality",Website (Desktop); Website (Mobile View); Mobile App,All,Forms; Account settings,Any data-collection flow,"Policy, UX review",Evaluative,0.85,v3.0.0
PER-003,Personalisation,Provide theme options to support user visual comfort,• Users cannot adjust visual theme. • Fixed themes may cause eye strain or discomfort.,• Offer light and dark modes. • Ensure both modes meet contrast and branding standards.,• User can toggle light/dark mode with accessible contrast.,• Only one theme available regardless of environment or preference.,• Contrast ratios must meet WCAG requirements in all themes.,GIGW 3.0 – Accessibility & Usability; WCAG 2.1 SC 1.4.3; WCAG 2.2 SC 1.4.6,Theme personalisation improves comfort and accessibility without altering functionality.,Optimizing,"Designer, Developer",Small Issue,"Comfort, Retention, Accessibility",Website (Desktop); Website (Mobile View); Mobile App,All,Theme toggle; UI shell,User preference settings,UX review,Evaluative,0.65,v3.0.0
PER-004,Personalisation,Allow users to adjust typography and layout for readability,• Users cannot resize text or adjust spacing. • Fixed layouts break readability for low-vision or elderly users. • Risk of accessibility non-compliance.,• Respect browser/device text scaling. • Provide in-app font size and layout density controls. • Ensure UI integrity at 200% zoom.,• Text scales cleanly up to 200% without loss of content or functionality.,"• Text overlaps, truncates, or breaks layout when zoomed.",• Must meet WCAG text resize and spacing requirements without assistive tech.,WCAG 2.1 SC 1.4.4; WCAG 2.1 SC 1.4.12; WCAG 2.1 SC 1.4.8; GIGW 3.0 Accessibility & Usability Practices,"Adjustable typography ensures inclusive access across age, vision, and literacy levels.",Optimizing,"Designer, Developer",Medium Issue,"Accessibility, Readability, Task completion",Website (Desktop); Website (Mobile View); Mobile App,All,Typography; Layout settings,User preference contexts,"Visual, UX review",Evaluative,0.75,v3.0.0
PER-005,Personalisation,Recommend relevant content based on user interests and interactions,• Content remains generic despite user history. • Over-personalisation risks content silos.,• Use preferences and past interactions to suggest content. • Allow users to modify or reset recommendations. • Preserve discovery paths.,• Recommended schemes adapt to user interests with reset option.,"• Recommendations are opaque, irreversible, or overly narrow.",• Recommendations must not trigger unexpected context changes.,GIGW 3.0 Functional Requirements – Personalisation; WCAG 2.2 SC 3.2.2; UX4G Handbook – Content Recommendations,Balanced personalisation improves relevance without limiting user autonomy.,Optimizing,"Designer, Developer",Medium Issue,"Engagement, Discoverability, Satisfaction",Website (Desktop); Website (Mobile View); Mobile App,Dashboard; Content listing pages,Recommendation modules,Logged-in usage,"UX review, Data logic",Assisted,0.7,v3.0.0
PER-006,Personalisation,Provide location-based content with user control,• Location-specific information is unavailable or inaccurate. • Automatic geolocation without consent risks trust.,• Use geolocation or PIN-code input with explicit consent. • Allow manual override at all times.,• User selects location to view nearby services and schemes.,• Location detected silently with no opt-out or correction.,• Multiple ways to access location-based content must be provided.,GIGW 3.0 Functional Requirements – Context Awareness; WCAG 2.2 SC 2.4.5; UX4G Handbook – Location-Based UX,Contextual relevance improves service discovery while respecting privacy and control.,Optimizing,Developer,Medium Issue,"Relevance, Trust, Service discovery",Website (Desktop); Website (Mobile View); Mobile App,Home; Service discovery pages,Location selector,Geo-context usage,"DOM, UX review",Assisted,0.78,v3.0.0
PER-007,Personalisation,Allow users to customize notification preferences,"• Users receive excessive or irrelevant notifications. • No control over frequency, type, or channel causes fatigue.","• Provide notification controls for category, frequency, and delivery medium. • Default to minimal alerts. • Ensure settings are easy to find and modify.",• User selects SMS for critical alerts and email for announcements with weekly frequency.,• All notifications are pushed automatically with no opt-out or frequency control.,• Notification settings must be keyboard accessible and clearly labelled.,GIGW 3.0 User-Centric Design; WCAG 2.2 SC 2.2.4; WCAG 2.2 SC 3.3.2; UX4G Handbook – Notification UX,User-controlled notifications prevent overload and improve trust and engagement.,Optimizing,"Designer, Developer",Medium Issue,"Engagement, Trust, Retention",Website (Desktop); Website (Mobile View); Mobile App,Profile; Settings,Notification settings,Logged-in user contexts,UX review,Assisted,0.76,v3.0.0
PER-008,Personalisation,Prioritize notifications based on importance and user behavior,• All notifications are treated equally. • Critical messages may be missed among routine alerts.,• Classify notifications by urgency. • Adapt delivery based on user behavior and preferences. • Allow users to downgrade or mute non-critical alerts.,• Application status alerts appear as banners; routine updates go to inbox.,• Promotional and critical alerts use identical visual priority.,• Status messages must be programmatically announced to assistive tech.,WCAG 2.2 SC 4.1.3; WCAG 2.1 SC 3.2.2; GIGW 3.0 Usability & Predictable UX,Intelligent prioritization ensures important information is not overlooked.,Optimizing,Developer,Small Issue,"Task success, Responsiveness",Website (Desktop); Website (Mobile View); Mobile App,Global,Notification system,Event-driven contexts,"UX review, Logic review",Assisted,0.72,v3.0.0
PER-009,Personalisation,Synchronize personalization changes in real time,• Preference changes are delayed or inconsistently applied. • Users receive outdated content.,• Sync personalization updates in real time. • Provide immediate UI feedback and allow manual refresh. • Persist preferences across sessions.,• Content updates instantly after preference change without refresh.,• User must relaunch app to see updated personalized content.,• Updates must not cause unexpected context changes.,GIGW 3.0 API Integration Guidelines; UX4G Handbook – Personalization Systems,Real-time sync reinforces user control and system reliability.,Optimizing,Developer,Medium Issue,"Relevance, Satisfaction",Mobile App,Dashboard; Feeds,Personalization engine,Preference change events,Technical review,Assisted,0.7,v3.0.0
PER-010,Personalisation,"Ensure ethical, transparent, and non-manipulative personalization",• Personalization logic is opaque. • Users are nudged without clear consent or control. • Risk of dark patterns.,• Explain why content is personalized. • Provide opt-out for all personalization. • Avoid manipulative UI patterns and respect user pacing.,• “Why am I seeing this?” explanation with opt-out toggle available.,• Hidden unsubscribe options or forced personalization.,• All changes must be user-initiated and reversible.,WCAG 2.1 SC 3.2.5; GIGW 3.0 Quality Guidelines 5.1; UX4G Ethical UX Principles,"Ethical personalization protects autonomy, trust, and regulatory compliance.",Foundational,"Designer, Developer",Big Issue,"Trust, Compliance, Retention",Mobile App,Settings; Feeds,Recommendation modules,Logged-in personalization,UX + policy review,Evaluative,0.82,v3.0.0
TO-001,Task Orientation,Avoid irrelevant information to maintain task focus,• Pages contain unrelated or distracting content. • Users lose focus from primary task.,"• Prioritize task-critical content. • Remove or de-emphasize unrelated banners, carousels, and links.","• Service page shows only eligibility, steps, CTA, and help.",• Homepage-style banners and unrelated promotions on task pages.,• Reduced cognitive load supports users with cognitive and reading difficulties.,WCAG 2.1 SC 3.1.5; GIGW 3.0 SC 3.6.2; DBIM Clause 4.1; BIS IS 17802:2022 Clause 7.3.3,Task-oriented pages improve completion rates and reduce abandonment.,Optimizing,"Designer, Developer",Medium Issue,"Task completion, Drop-offs",Website (Desktop); Website (Mobile View); Mobile App,Task pages,"Banners, Content blocks",Task execution,"Visual, Content",Evaluative,0.74,v3.0.0
TO-002,Task Orientation,Use multimedia only when it supports the task,"• Overuse of scripts, videos, animations causes distraction.",• Use multimedia only when it adds clarity. • Avoid autoplay and decorative motion.,• Static image explaining a step; video plays only on user action.,• Autoplay videos or looping animations unrelated to task.,• Motion control prevents disorientation and distraction.,WCAG 2.1 SC 2.2.2; GIGW 3.0 SC 3.6.4; DBIM Clause 4.2; BIS IS 17802:2022 Clause 6.3.4,Focused interfaces reduce cognitive overload and fatigue.,Optimizing,"Designer, Developer",Medium Issue,"Engagement, Completion time",Website (Desktop); Website (Mobile View); Mobile App,Common,Media elements,Task execution,Visual,Assisted,0.71,v3.0.0
TO-003,Task Orientation,Avoid unnecessary registration for primary tasks,• Users are forced to register before understanding or starting tasks.,• Allow guest access or preview. • Require registration only when essential.,• User can view eligibility and steps before sign-up.,• Mandatory login before viewing service details.,• Reduces input burden for users with cognitive or motor challenges.,WCAG 2.1 SC 3.3.6; GIGW 3.0 SC 3.5.4; BIS IS 17802:2022 Clause 6.3.2,Removing premature barriers increases trust and task success.,Foundational,"Designer, Developer",Big Issue,"Drop-offs, Trust",Website (Desktop); Website (Mobile View); Mobile App,Entry points,"Login, Forms",Pre-task exploration,UX review,Evaluative,0.82,v3.0.0
TO-004,Task Orientation,Minimize steps and screens to complete tasks,• Tasks require excessive clicks or screens.,• Combine related steps. • Use wizards or progressive sections.,• Single structured form with sections.,• Same information split across many screens unnecessarily.,• Fewer steps reduce fatigue and navigation errors.,GIGW 3.0 SC 3.6.2; DBIM Clause 4.1; BIS IS 17802:2022 Clause 6.3.1,Efficient flows reduce cognitive load and errors.,Optimizing,Designer,Medium Issue,"Completion time, Errors",Website (Desktop); Website (Mobile View); Mobile App,Task flows,"Forms, Navigation",Multi-step tasks,UX review,Assisted,0.7,v3.0.0
TO-005,Task Orientation,Align digital task flow with real-world order,• Digital steps do not match user mental models.,• Mirror familiar offline or logical task order.,• Apply → Review → Submit flow.,• Submit required before review or confirmation.,"• Predictable order benefits all users, especially first-time users.",GIGW 3.0 SC 3.4.3,Familiar sequencing reduces confusion and rework.,Optimizing,"Designer, Developer",Medium Issue,"Errors, Satisfaction",Website (Desktop); Website (Mobile View); Mobile App,Task flows,"Stepper, Forms",End-to-end journeys,UX review,Assisted,0.73,v3.0.0
TO-006,Task Orientation,Reduce manual effort through automated inputs,• Users must manually enter predictable data repeatedly. • Increased effort and error rates.,"• Implement autofill and data inference (e.g., state/district from PIN code). • Use authoritative government APIs.",• Entering PIN code auto-fills city and state fields.,• User manually types city and state despite PIN code availability.,• Autofill must be editable and announced to assistive technologies.,GIGW 3.0 SC 3.4.7 – Assistance with Forms,"Automation reduces friction, errors, and task completion time.",Optimizing,"Designer, Developer",Medium Issue,"Time-on-task, Errors",Website (Desktop); Website (Mobile View); Mobile App,Forms,Input fields,Data entry,"System, Interaction",Assisted,0.78,v3.0.0
TO-007,Task Orientation,Enable comparison to support informed decisions,• Users cannot easily compare options. • Decision-making becomes error-prone.,• Provide side-by-side comparisons or comparison tables when applicable.,• Scheme comparison table showing benefits and eligibility.,• Users must navigate back and forth between items to compare.,• Comparison layouts must be readable and navigable via keyboard and screen readers.,GIGW 3.0 SC 3.4.11; BIS IS 17802:2022 SC 6.3.2; DBIM Clause 4.5,Comparison aids reduce cognitive load and improve choice accuracy.,Optimizing,"Designer, Developer",Medium Issue,"Decision accuracy, Satisfaction",Website (Desktop); Website (Mobile View); Mobile App,Listing pages,"Tables, Cards",Decision support,"Visual, Content",Assisted,0.69,v3.0.0
TO-008,Task Orientation,Place frequently used features in easily accessible areas,• Important actions are hard to find. • Users spend extra effort locating controls.,• Position high-use actions prominently and consistently. • Use sticky or persistent placement where appropriate.,• Sticky “Accessibility” or “Apply Now” button visible at all times.,• Critical actions buried deep in menus or below the fold.,• Persistent controls must not obscure content or trap focus.,GIGW 3.0 SC 3.3.2; DBIM Clause 3.2; BIS IS 17802:2022 SC 6.2.3,Easy access to frequent actions improves efficiency and satisfaction.,Optimizing,"Designer, Developer",Medium Issue,"Task efficiency, Drop-offs",Website (Desktop); Website (Mobile View); Mobile App,Common,"CTAs, Widgets",High-frequency tasks,Visual,Deterministic,0.81,v3.0.0
TO-009,Task Orientation,Prevent repeated data entry across tasks,• Users re-enter the same information multiple times. • Leads to frustration and abandonment.,• Persist user data across sessions. • Pre-fill fields using profiles or session storage.,• Personal details auto-filled in subsequent forms.,"• User retypes name, address, or ID in every step.",• Stored data must respect consent and privacy controls.,GIGW 3.0 SC 6.1.1; DBIM Clause 5.1; BIS IS 17802:2022 SC 7.3.2,Eliminating repetition significantly reduces friction and errors.,Foundational,"Designer, Developer",Big Issue,"Drop-offs, Completion rate",Website (Desktop); Website (Mobile View); Mobile App,Forms,Input fields,Multi-step tasks,System,Evaluative,0.86,v3.0.0
TO-010,Task Orientation,Show task progress and remaining steps clearly,• Users are unaware of progress in multi-step tasks. • Uncertainty leads to abandonment.,• Display all steps and current progress. • Allow review before submission.,• Progress bar shows “Step 2 of 5” with review screen.,• No indication of steps or progress until submission.,• Progress indicators must be perceivable by screen readers.,GIGW 3.0 SC 6.2.1; BIS IS 17802:2022 SC 7.3.4; DBIM Clause 5.2,Transparency in progress builds confidence and completion.,Optimizing,"Designer, Developer",Medium Issue,"Completion rate, Confidence",Website (Desktop); Website (Mobile View); Mobile App,Task flows,Progress indicators,Multi-step journeys,"Visual, Interaction",Assisted,0.77,v3.0.0
TO-011,Task Orientation,Support recognition over recall across sections,• Users must remember prior selections or context. • Increased cognitive load and errors when navigating between sections.,"• Persist and visibly repeat key context (filters, selections, titles). • Maintain breadcrumbs and summaries across transitions.",• Selected scheme name and filters remain visible on next page.,• User must recall filters or category names after navigation.,• Persistent context reduces memory load for users with cognitive impairments.,WCAG 2.1 SC 3.3.7 (AAA); GIGW 3.0 SC 6.2.4; BIS IS 17802:2022 SC 6.5.1; DBIM SC 4.3,Recognition over recall improves accuracy and reduces abandonment.,Foundational,"Designer, Developer",Big Issue,"Errors, Drop-offs",Website (Desktop); Website (Mobile View); Mobile App,Common,"Headers, Breadcrumbs",Cross-section navigation,"Content, Interaction",Evaluative,0.84,v3.0.0
TO-012,Task Orientation,Use familiar metaphors and culturally appropriate formats,• Users struggle to interpret unfamiliar formats or symbols.,"• Apply culturally familiar formats (dates, currency) and metaphors. • Use recognizable icons and terminology.",• Dates shown as dd/mm/yyyy; currency shown as ₹.,• US date formats or unfamiliar symbols used for Indian users.,• Familiar conventions aid comprehension for multilingual users.,WCAG 2.1 SC 3.1.2; GIGW 3.0 SC 6.1.6; BIS IS 17802:2022 SC 7.3.1; DBIM SC 4.2,Cultural alignment reduces confusion and improves trust.,Optimizing,"Designer, Developer",Medium Issue,"Comprehension, Satisfaction",Website (Desktop); Website (Mobile View); Mobile App,Common,"Content, Icons",Localization,"Content, Visual",Assisted,0.72,v3.0.0
TO-013,Task Orientation,Hide system internals and avoid technical jargon,• Users are exposed to backend or technical terminology.,• Abstract technical processes into user-friendly language. • Use plain status messages.,• “Processing…” displayed during actions.,• “Calling API / Fetching token” shown to users.,• Plain language benefits screen reader and low-literacy users.,GIGW 3.0 SC 4.4.2; DBIM SC 4.3; BIS IS 17802:2022 SC 7.4.2,Abstraction prevents confusion and cognitive overload.,Optimizing,"Designer, Developer",Medium Issue,"Errors, Confidence",Website (Desktop); Website (Mobile View); Mobile App,Common,Status messages,System feedback,Content,Assisted,0.71,v3.0.0
TO-014,Task Orientation,Provide recovery paths for critical errors,• Users cannot easily recover from mistakes. • High risk of irreversible errors.,"• Provide previews, confirmations, drafts, and undo paths for high-stakes actions.",• Review screen before final submission; save as draft available.,• Immediate irreversible submission without confirmation.,• Error prevention mechanisms protect users with motor or cognitive challenges.,WCAG 2.1 SC 3.3.6 (AAA),Recovery paths reduce anxiety and prevent costly mistakes.,Foundational,"Designer, Developer",Big Issue,"Error rate, Trust",Website (Desktop); Website (Mobile View); Mobile App,Forms,Confirmation dialogs,High-risk tasks,Interaction,Evaluative,0.85,v3.0.0
TO-015,Task Orientation,Enable self-sufficiency for common tasks,• Users need external help to complete routine actions.,"• Provide contextual help, tooltips, and onboarding cues.",• Inline tooltip explains form field on first use.,• No guidance; users must consult external help.,• Contextual help must be accessible and dismissible.,GIGW 3.0 SC 2.4.3,Self-guided UX improves efficiency and reduces support burden.,Optimizing,"Designer, Developer",Medium Issue,"Support requests, Completion",Website (Desktop); Website (Mobile View); Mobile App,Common,"Tooltips, Help icons",First-time use,Content,Assisted,0.73,v3.0.0
TO-016,Task Orientation,Allow users to resume tasks after interruption,• Users lose progress when exiting mid-task.,• Persist progress locally or in account sessions. • Prompt users to resume on return.,• “Resume where you left off” prompt appears on return.,• Task restarts from beginning after interruption.,• Progress persistence benefits users with intermittent access or disabilities.,WCAG 2.1 SC 3.2.5; BIS IS 17802:2022 SC 6.3.4,Task continuity improves completion and satisfaction.,Optimizing,"Designer, Developer",Medium Issue,"Completion rate, Satisfaction",Website (Desktop); Website (Mobile View); Mobile App,Task flows,Draft storage,Interrupted sessions,System,Assisted,0.79,v3.0.0
TO-017,Task Orientation,Provide sorting and filtering for content-heavy interfaces,• Users struggle to locate relevant items in large datasets. • Excessive scrolling and scanning required.,"• Provide sortable columns and filter controls aligned to user intent (date, status, category).","• Scheme list sortable by eligibility, date, or department with filters.",• Long static list with no sorting or filtering.,• Filters must be keyboard accessible and programmatically associated with results.,BIS IS 17802:2022 SC 6.6.2,Sorting and filtering reduce effort and speed up task completion in data-heavy UIs.,Optimizing,"Designer, Developer",Medium Issue,"Task time, Findability",Website (Desktop); Website (Mobile View); Mobile App,Listing pages,"Tables, Filters",Data exploration,"Interaction, Content",Evaluative,0.76,v3.0.0
TO-018,Task Orientation,Ensure buttons and icons clearly reflect intended actions,• Ambiguous labels or icons confuse users about outcomes.,"• Use clear, action-oriented labels and universally recognizable icons.",• “Download Certificate” button with download icon.,• “Click Here” with unrelated or decorative icon.,• Non-text content must have accessible labels and names.,WCAG 2.1 SC 1.1.1; BIS IS 17802:2022 SC 6.3.3,Clear affordances prevent errors and increase confidence in task execution.,Optimizing,"Designer, Developer",Medium Issue,"Errors, Confidence",Website (Desktop); Website (Mobile View); Mobile App,Common,"Buttons, Icons",Action initiation,"Visual, Content",Assisted,0.74,v3.0.0
TO-019,Task Orientation,Warn users before automatic session timeout,• Users lose work due to unexpected logout.,• Display advance warning with countdown and options to extend session or save progress.,• Modal alert 2 minutes before timeout with “Extend Session” option.,• Sudden logout without warning.,• Timing adjustments support users with motor or cognitive impairments.,WCAG 2.1 SC 2.2.1; GIGW 3.0 SC 2.7.2,Advance warnings prevent data loss and frustration during long tasks.,Foundational,"Designer, Developer",Medium Issue,"Drop-offs, Data loss",Website (Desktop); Website (Mobile View); Mobile App,Forms,Session alerts,Long tasks,System,Evaluative,0.82,v3.0.0
TO-020,Task Orientation,Support both novice and expert users,• Interface favors only one user skill level.,• Provide guided help for beginners and shortcuts for expert users.,• First-time tour plus keyboard shortcuts for power users.,• Same verbose guidance forced on expert users.,• Help mechanisms must be accessible and dismissible.,WCAG 2.1 SC 3.3.5 (AAA); DBIM Section 4,Adaptive UX improves efficiency without excluding new users.,Optimizing,"Designer, Developer",Medium Issue,"Efficiency, Satisfaction",Website (Desktop); Website (Mobile View); Mobile App,Common,"Help, Shortcuts",Mixed skill levels,Interaction,Assisted,0.7,v3.0.0
TO-021,Task Orientation,Allow users to edit provided information,• Users are locked out from correcting mistakes.,• Enable edits with confirmations or audit trails where required.,• User can update address before final processing.,• Submitted data cannot be edited at any stage.,• Editable fields reduce error impact for all users.,GIGW 3.0 SC 2.7.3; BIS IS 17802:2022 SC 6.5.2,Flexibility reduces support load and improves data accuracy.,Foundational,"Designer, Developer",Big Issue,"Errors, Trust",Website (Desktop); Website (Mobile View); Mobile App,"Profile, Forms",Input fields,Post-submission,Interaction,Evaluative,0.86,v3.0.0
TO-022,Task Orientation,Provide step-by-step onboarding for new users,• New users feel lost or overwhelmed.,"• Use optional walkthroughs, spotlights, or guided tours.",• First-time modal tour highlighting key features with skip option.,• No onboarding or forced walkthrough every visit.,• Onboarding must be skippable and accessible.,GIGW 3.0 SC 4.4.1; WCAG 2.1 SC 3.3.6; DBIM SC 5.1.2; BIS IS 17802:2022 SC 6.1.3,Guided onboarding accelerates adoption and reduces early drop-off.,Optimizing,"Designer, Developer",Medium Issue,"Adoption, Retention",Website (Desktop); Website (Mobile View); Mobile App,First-time entry,"Tours, Modals",New users,Interaction,Assisted,0.75,v3.0.0
TO-023,Task Orientation,Use buttons for commands and actions instead of links,• Users confuse navigation links with actions. • Accidental navigation during task execution.,"• Use buttons for actions (submit, save, apply). • Reserve links for navigation only.",• “Submit Application” implemented as a <button> with clear visual affordance.,• Form submission triggered via underlined text link.,"• Buttons must expose correct role, name, and state to assistive tech.",GIGW 3.0 SC 4.4.5; BIS IS 17802:2022 SC 7.3.5; DBIM SC 4.4,Clear differentiation between actions and navigation reduces errors and improves predictability.,Foundational,"Designer, Developer",Medium Issue,"Errors, Task success",Website (Desktop); Website (Mobile View),"Forms, Actions","Buttons, Links",Task execution,"Visual, Semantic",Automated,0.84,v3.0.0
TO-024,Task Orientation,Provide real-time validation for incorrect inputs,• Users discover errors only after submission. • High form abandonment.,• Validate inputs inline and show corrective guidance immediately.,• Inline message: “PIN code must be 6 digits” shown while typing.,• Error shown only after full form submission.,• Error messages must be programmatically associated and not rely on color alone.,"WCAG 2.1 SC 3.3.1, 3.3.3; GIGW 3.0 4.3.6; BIS IS 17802:2022 5.6.4",Immediate feedback reduces cognitive load and prevents repeated failures.,Foundational,"Designer, Developer",Big Issue,"Drop-offs, Completion rate",Website (Desktop); Website (Mobile View); Mobile App,Forms,Input fields,Data entry,Interaction,Assisted,0.88,v3.0.0
TO-025,Task Orientation,Make primary call-to-action buttons prominent and distinct,• Users miss or misinterpret the main action.,"• Visually prioritize primary CTAs using size, color, and placement.","• Primary “Apply Now” button in DBIM primary color, thumb-reachable.",• Primary CTA visually identical to secondary actions.,• CTAs must meet minimum target size and contrast requirements.,"WCAG 2.1 SC 2.5.5, 2.4.3; GIGW 3.0 Quality 5.1",Clear CTAs guide users efficiently toward task completion.,Optimizing,"Designer, Developer",Medium Issue,"Conversion, Task success",Mobile App,Key task pages,Buttons,Decision points,Visual,Assisted,0.79,v3.0.0
TO-026,Task Orientation,Trigger data submission and state changes only through explicit user actions,• Users lose control due to auto-submission or unexpected state changes.,• Require explicit submit/confirm actions for all critical operations.,• “Delete” requires tap + confirmation dialog.,• Auto-submit on field change or screen load.,• Prevent unexpected context changes per WCAG 3.2.x principles.,WCAG 2.1 SC 3.2.2; WCAG 2.2 SC 3.2.6,Explicit actions preserve user agency and prevent irreversible errors.,Foundational,"Designer, Developer",Big Issue,"Errors, Trust",Mobile App,"Forms, Critical flows","Submit, Confirm dialogs",High-risk actions,"Interaction, System",Evaluative,0.9,v3.0.0
NIA-001,Navigation and Information Architecture,Make webpage titles clearly accessible and recognizable,• Page purpose is unclear. • Users lose orientation across pages.,"• Use meaningful, visible page titles consistently placed across pages.",• Clear H1 title like “Apply for Birth Certificate” at top of page.,"• Missing, vague, or visually hidden page title.","• Titles must be programmatically associated (<title>, H1) for screen readers.",WCAG 2.1 SC 2.4.2; GIGW 3.0 3.2.3; BIS IS 17428:2020 8.1.4; DBIM Navigation,"Clear page titles support orientation, trust, and assistive navigation.",Foundational,"Designer, Developer",Medium Issue,"Orientation, Task success",Website (Desktop); Website (Mobile View),All content pages,"Page header, Title",Wayfinding,"Visual, Semantic",Automated,0.86,v3.0.0
NIA-002,Navigation and Information Architecture,Maintain a clear and logical navigation hierarchy,• Users cannot understand site structure. • Navigation feels cluttered or flat.,• Design a hierarchical navigation with clear parent–child relationships.,• Top-level categories with nested sub-menus (Services → Certificates).,• All links placed at same level with no grouping.,"• Hierarchy must be conveyed visually and programmatically (lists, landmarks).","GIGW 3.0 SC 2.4.1; WCAG 2.1 SC 2.4.6, 2.4.10",Logical hierarchy reduces cognitive load and search dependency.,Foundational,Designer,Medium Issue,"Findability, Drop-offs",Website (Desktop); Website (Mobile View); Mobile App,Global navigation,"Menus, IA",Exploration,Structural,Evaluative,0.83,v3.0.0
NIA-003,Navigation and Information Architecture,Ensure primary navigation elements are clearly labeled and accessible,• Vague labels confuse users. • Icons without text reduce clarity.,• Use descriptive labels with optional supporting icons.,• “Track Application” with icon + text.,• Generic labels like “Info” or icon-only menus.,• Labels must satisfy link purpose in context (screen readers).,"WCAG 2.1 SC 2.4.4, 2.4.6; GIGW 3.0 2.4.2; BIS IS 17802:2022 6.5.2",Clear labels improve predictability and accessibility.,Foundational,"Designer, Developer",Medium Issue,Navigation success,Website (Desktop); Website (Mobile View); Mobile App,Primary navigation,Menu items,Wayfinding,"Visual, Semantic",Automated,0.84,v3.0.0
NIA-004,Navigation and Information Architecture,Maintain consistent navigation patterns across pages,• Users must relearn navigation on each page.,"• Keep navigation layout, order, and behavior consistent.",• Same header + breadcrumbs on all service pages.,• Navigation structure changes page-to-page.,• Consistency required for assistive tech landmark expectations.,WCAG 2.1 SC 3.2.3; GIGW 3.0 3.1.2,Predictability builds confidence and reduces navigation errors.,Foundational,"Designer, Developer",Medium Issue,"Errors, Efficiency",Website (Desktop); Website (Mobile View); Mobile App,All main pages,"Header, Breadcrumbs",Navigation,Structural,Evaluative,0.82,v3.0.0
NIA-005,Navigation and Information Architecture,Keep key navigation elements persistent across main screens,• Navigation disappears or shifts unexpectedly.,• Make primary navigation persistent across key screens.,• Fixed header (web) / persistent bottom nav (mobile).,• Navigation hidden after scroll or page change.,• Persistent landmarks aid screen reader orientation.,WCAG 2.1 SC 3.2.3; GIGW 3.0 3.1.2; BIS IS 17802:2022 6.4.1,Persistent navigation stabilizes user experience and reduces memory load.,Foundational,"Designer, Developer",Medium Issue,"Task flow, Retention",Website (Desktop); Website (Mobile View); Mobile App,Core journeys,Navigation bar,Wayfinding,Structural,Evaluative,0.85,v3.0.0
NIA-006,Navigation and Information Architecture,"Place navigation elements in prominent, expected locations",• Navigation is hard to discover. • Users must search for primary controls.,• Place primary navigation at top (desktop) and bottom or hamburger (mobile). • Keep it visually prominent and fixed where appropriate.,• Desktop top navigation bar; mobile bottom tab bar.,• Navigation hidden mid-page or buried in footer only.,• Ensure landmarks (<nav>) and visible focus order.,BIS IS 17802:2022 6.4.2; GIGW 3.0 3.1.1,Predictable placement improves discoverability and reduces cognitive load.,Foundational,"Designer, Developer",Medium Issue,"Discoverability, Task success",Website (Desktop); Website (Mobile View); Mobile App,All primary screens,"Navigation bar, Menu",Wayfinding,"Visual, Structural",Automated,0.84,v3.0.0
NIA-007,Navigation and Information Architecture,Ensure navigation elements meet minimum target size,• Users mis-tap navigation items. • Touch interaction errors occur.,• Use minimum 44×44 px touch targets. • Maintain spacing between items.,• Menu items sized ≥44×44 px with spacing.,• Small icons or tightly packed links.,• Required for motor accessibility and touch usability.,WCAG 2.1 SC 2.5.5; GIGW 3.0 3.1.2; BIS IS 17802:2022 6.3.1,Adequate target size reduces errors and frustration.,Foundational,"Designer, Developer",Big Issue,"Errors, Completion rate",Website (Desktop); Website (Mobile View); Mobile App,All pages,Navigation items,Interaction,"Visual, Structural",Automated,0.88,v3.0.0
NIA-008,Navigation and Information Architecture,Provide visual feedback on navigation interaction,• Users are unsure if action was registered.,"• Implement hover, focus, active, and pressed states.",• Active menu item highlighted; pressed state visible.,• No visual change on interaction.,• Feedback must be perceivable beyond color alone.,WCAG 2.1 SC 3.2.1; GIGW 3.0 3.2.2; BIS IS 17802:2022 6.3.4,Feedback confirms actions and builds confidence.,Foundational,"Designer, Developer",Medium Issue,"Confidence, Error prevention",Website (Desktop); Website (Mobile View); Mobile App,All navigable pages,"Links, Buttons",Interaction,Visual,Evaluative,0.83,v3.0.0
NIA-009,Navigation and Information Architecture,"Use smooth, non-disruptive transitions between screens",• Abrupt transitions disorient users.,"• Apply subtle, fast transitions (<300 ms).",• Fade or slide transition respecting reduced-motion settings.,• Abrupt page jumps or excessive animation.,• Must respect prefers-reduced-motion.,WCAG 2.1 SC 3.2.3; DBIM 2.5,Gentle transitions improve continuity without distraction.,Optimizing,"Designer, Developer",Small Issue,Perceived quality,Website (Desktop); Website (Mobile View); Mobile App,Screen changes,Page transitions,Continuity,Visual,Evaluative,0.78,v3.0.0
NIA-010,Navigation and Information Architecture,Support standard back navigation patterns,• Users cannot easily return to previous screens.,"• Support browser back, gestures, and visible back buttons.",• Working browser back; mobile back gesture supported.,• Back disabled or causes data loss.,• Back action should preserve state where possible.,WCAG 2.1 SC 2.4.5; GIGW 3.0 2.4.7,Reliable back navigation reduces frustration.,Foundational,"Designer, Developer",Medium Issue,"Drop-offs, Errors",Website (Desktop); Website (Mobile View); Mobile App,Multi-step flows,Back button,Recovery,Structural,Evaluative,0.85,v3.0.0
NIA-011,Navigation and Information Architecture,Use breadcrumbs for deep navigation paths,• Users lose sense of location in deep hierarchies.,• Implement breadcrumbs when depth >3 levels.,• Breadcrumb trail showing path with links.,• No path indicator in deep flows.,• Breadcrumbs must be programmatically associated.,WCAG 2.1 SC 2.4.8; GIGW 3.0 3.2.2,Breadcrumbs support orientation and efficient backtracking.,Foundational,"Designer, Developer",Big Issue,"Wayfinding, Efficiency",Website (Desktop); Website (Mobile View); Mobile App,Deep hierarchies,Breadcrumbs,Orientation,Structural,Evaluative,0.87,v3.0.0
NIA-012,Navigation and Information Architecture,Structure information architecture around user needs,"• Important content is buried. • Navigation reflects org chart, not users.","• Base IA on user research, analytics, and demand.",• High-use services reachable within 1–2 clicks.,• Critical tasks hidden deep in menus.,• Clear structure benefits screen reader navigation.,GIGW 3.0 3.2.1; BIS IS 17802:2022 5.4.2,User-centred IA improves findability and task success.,Foundational,"Designer, Developer",Medium Issue,"Findability, Time-to-task",Website (Desktop); Website (Mobile View); Mobile App,Global IA,"Menus, Sections",Discovery,Structural,Evaluative,0.86,v3.0.0
NIA-013,Navigation and Information Architecture,Group related content logically,• Content appears fragmented. • Users struggle to understand relationships.,"• Group content under intuitive, user-focused categories. • Use meaningful section labels and containers.","• Services grouped as “Employment”, “Health”, “Schemes”.",• Content grouped by internal departments or arbitrarily.,• Proper headings and grouping support screen reader navigation.,WCAG 2.1 SC 2.4.6; GIGW 3.0 SC 4.2.2; BIS IS 17802:2022 5.4.2,Logical grouping improves comprehension and scanability.,Foundational,"Designer, Developer",Medium Issue,"Findability, Cognitive load",Website (Desktop); Website (Mobile View); Mobile App,Content-heavy pages,"Sections, Cards, Lists",Discovery,Structural,Automated,0.85,v3.0.0
NIA-014,Navigation and Information Architecture,Keep information architecture shallow,• Users get lost in deep hierarchies. • Excessive navigation steps.,• Limit navigation depth to a maximum of 3 levels. • Flatten menus where possible.,• Key pages reachable within 1–3 clicks.,• Menus with 4–6 nested levels.,• Shallow IA reduces memory load for assistive tech users.,GIGW 3.0 SC 4.2.1; WCAG 2.1 SC 2.4.1,Shallow structures reduce effort and navigation fatigue.,Foundational,"Designer, Developer",Medium Issue,Task completion time,Website (Desktop); Website (Mobile View); Mobile App,Global navigation,Menus,Wayfinding,Structural,Evaluative,0.84,v3.0.0
NIA-015,Navigation and Information Architecture,Apply consistent structure to similar sections,• Users must relearn layouts repeatedly.,"• Reuse templates, headings, and section order for similar content types.",• All scheme pages follow identical layout and hierarchy.,• Each scheme page structured differently.,• Consistency improves predictability for screen readers.,WCAG 2.1 SC 3.2.3; GIGW 3.0 SC 4.3.2,Consistency reduces cognitive effort and learning cost.,Foundational,"Designer, Developer",Medium Issue,"Usability, Learnability",Website (Desktop); Website (Mobile View); Mobile App,Repeating content types,Page templates,Predictability,Structural,Automated,0.86,v3.0.0
NIA-016,Navigation and Information Architecture,Provide multiple pathways to important content,• Users rely on a single navigation method.,"• Offer access via menus, search, homepage links, and cross-links.","• Content accessible via menu, search, and in-page links.",• Content only reachable through one menu path.,• Multiple paths support WCAG “Multiple Ways”.,WCAG 2.1 SC 2.4.5; GIGW 3.0 SC 4.3.2; BIS IS 17802:2022 6.3,Different users prefer different navigation strategies.,Foundational,"Designer, Developer",Medium Issue,Discoverability,Website (Desktop); Website (Mobile View); Mobile App,Key content pages,"Menus, Search, Links",Exploration,Structural,Evaluative,0.87,v3.0.0
NIA-017,Navigation and Information Architecture,Continuously refine IA based on user feedback,• IA becomes outdated or misaligned with user needs.,• Review analytics and feedback periodically and update structure.,• Menu labels updated based on search analytics.,• IA remains unchanged despite usage issues.,"• Improvements benefit all users, including AT users.",GIGW 3.0 SC 6.2.1; BIS IS 17802:2022 6.2.1,IA must evolve with content growth and user behavior.,Optimizing,Designer,Small Issue,"Engagement, Satisfaction",Website (Desktop); Website (Mobile View); Mobile App,Global IA,"Menus, Categories",Governance,Behavioral,Evaluative,0.78,v3.0.0
LFS-001,"Lists, Filters, and Sorting",Structure list items for scanability,• Lists feel cluttered. • Users struggle to scan quickly.,"• Use consistent information hierarchy (title, meta, CTA). • Avoid non-essential details.","• Card list with title, subtitle, status, action.",• Long paragraphs or mixed information per item.,• Proper structure supports screen readers and cognitive accessibility.,WCAG 2.1 SC 1.3.1; GIGW 3.0 SC 5.2.1; BIS IS 17802:2022 6.1.2,Structured lists reduce cognitive load and improve efficiency.,Foundational,"Designer, Developer",Medium Issue,"Scan time, Task efficiency",Website (Desktop); Website (Mobile View); Mobile App,Listing pages,"Cards, Tables, Lists",Discovery,Structural,Evaluative,0.86,v3.0.0
LFS-002,"Lists, Filters, and Sorting",Maintain consistent list styling,• Visual inconsistency across list items.,"• Apply uniform fonts, colors, spacing via design system.",• All items share same typography and spacing.,• Each item styled differently.,• Consistency improves predictability for AT users.,GIGW 3.0 SC 5.2.3,Consistent styling improves learnability and trust.,Foundational,"Designer, Developer",Small Issue,Visual clarity,Website (Desktop); Website (Mobile View); Mobile App,All list views,Lists,Predictability,Visual,Automated,0.9,v3.0.0
LFS-003,"Lists, Filters, and Sorting",Use visual separators between items,• Dense lists appear merged.,"• Use dividers, spacing, or background contrast.",• Clear divider between each row/card.,• No spacing or separation between items.,• Separators aid focus and reading order.,GIGW 3.0 SC 5.2.4,Visual separation improves scannability.,Foundational,"Designer, Developer",Small Issue,Readability,Website (Desktop); Website (Mobile View); Mobile App,Content-heavy pages,"Lists, Cards",Scanning,Visual,Automated,0.88,v3.0.0
LFS-004,"Lists, Filters, and Sorting",Ensure list items are easily clickable,• Touch errors due to small targets.,• Maintain ≥44px tap targets and adequate spacing.,• Entire card or row is tappable.,• Only text inside row is clickable.,• Meets WCAG target size for motor accessibility.,WCAG 2.1 SC 2.5.5; WCAG 2.2 SC 2.5.8; BIS IS 17802:2022 6.2.3,Adequate target size reduces interaction errors.,Foundational,"Designer, Developer",Medium Issue,"Error rate, Task completion",Website (Desktop); Website (Mobile View); Mobile App,Interactive lists,"Cards, Rows",Interaction,Visual + Structural,Automated,0.87,v3.0.0
LFS-005,"Lists, Filters, and Sorting",Provide visual feedback on selection,• Users unsure if action is registered.,"• Use hover, focus, active, and selected states.",• Selected item highlighted clearly.,• No visual change on interaction.,• Focus visibility supports keyboard users.,WCAG 2.1 SC 2.4.7; GIGW 3.0 SC 5.4.2,Feedback confirms interaction and prevents errors.,Foundational,"Designer, Developer",Medium Issue,"Confidence, Error prevention",Website (Desktop); Website (Mobile View); Mobile App,Interactive lists,"Lists, Cards",Interaction,Behavioral,Evaluative,0.85,v3.0.0
LFS-006,"Lists, Filters, and Sorting",Optimize performance for large lists,• Long lists cause slow load or jank.,"• Use lazy loading, pagination, or “Load More”.","• Initial 30 items, load more on scroll.",• Entire dataset loaded at once.,• Progressive loading reduces cognitive and performance strain.,GIGW 3.0 SC 5.5.4,Performance optimizations maintain usability at scale.,Optimizing,Developer,Medium Issue,"Load time, Scroll performance",Website (Desktop); Website (Mobile View); Mobile App,Data-heavy pages,Lists,Performance,Behavioral,Evaluative,0.82,v3.0.0
LFS-007,"Lists, Filters, and Sorting",Show loading indicators for dynamic lists,• Users unsure if content is loading.,"• Display spinner, shimmer, or progress indicator.",• Skeleton loaders during fetch.,• Blank screen during loading.,• Status feedback supports WCAG dynamic content guidance.,WCAG 2.1 SC 3.2.2; GIGW 3.0 SC 5.4.1; BIS IS 17802:2022 7.6.3,Feedback reduces uncertainty and abandonment.,Foundational,"Designer, Developer",Medium Issue,Perceived performance,Website (Desktop); Website (Mobile View); Mobile App,Paginated lists,"Lists, Loaders",Feedback,Behavioral,Evaluative,0.84,v3.0.0
LFS-008,"Lists, Filters, and Sorting","Place filters in prominent, accessible locations",• Filters are hard to discover. • Users overlook refinement options.,• Position filters top-left or top area on desktop. • Use chip ribbon or bottom drawer on mobile.,• Filter chips visible above list.,• Filters buried inside secondary menus.,• Logical focus order supports keyboard and screen reader users.,WCAG 2.1 SC 2.4.3; WCAG 2.1 SC 3.2.3; GIGW 3.0,Discoverable filters reduce effort and improve findability.,Foundational,"Designer, Developer",Medium Issue,"Discoverability, Task efficiency",Website (Desktop); Website (Mobile View); Mobile App,Listing pages,"Filter panels, Chips",Discovery,Visual + Structural,Automated,0.87,v3.0.0
LFS-009,"Lists, Filters, and Sorting",Use collapsible filter sections for dense filter sets,• Filters consume excessive screen space.,• Group filters with headings and collapsible sections.,"• Accordion-style filter groups (Price, Location).","• Long, ungrouped filter lists.",• Expand/collapse with aria-expanded supports assistive tech.,WCAG 2.1 SC 2.4.1; GIGW 3.0 SC 5.3.2; DBIM 4.4,Progressive disclosure reduces cognitive load.,Optimizing,"Designer, Developer",Small Issue,Visual clarity,Website (Desktop); Website (Mobile View); Mobile App,Content-heavy lists,Filter accordions,Density management,Structural,Evaluative,0.83,v3.0.0
LFS-010,"Lists, Filters, and Sorting","Use clear, jargon-free filter labels",• Users misunderstand filter meaning.,"• Use plain, descriptive language with examples if needed.","• “Price Range”, “Department”.","• “Monetary Threshold”, “Org Unit”.",• Clear labels improve comprehension for all users.,WCAG 2.1 SC 2.4.6; GIGW 3.0 SC 5.4.1; BIS IS 17802:2022 7.2.4,Plain language reduces errors and hesitation.,Foundational,"Designer, Developer",Medium Issue,"Accuracy, Confidence",Website (Desktop); Website (Mobile View); Mobile App,All filterable pages,Filter labels,Comprehension,Semantic,Evaluative,0.88,v3.0.0
LFS-011,"Lists, Filters, and Sorting",Support multi-select filtering where applicable,• Users restricted to single filter values.,• Use checkboxes or multi-select chips when logical.,• Multiple benefits selectable.,• Only one value allowed when multiple make sense.,• Clear selection states support cognitive accessibility.,GIGW 3.0 SC 6.1.2; DBIM 4.4; BIS IS 17802:2022 8.3.1,Multi-select supports real-world decision-making.,Optimizing,"Designer, Developer",Medium Issue,"Control, Flexibility",Website (Desktop); Website (Mobile View); Mobile App,Data exploration pages,"Checkboxes, Chips",Refinement,Behavioral,Evaluative,0.84,v3.0.0
LFS-012,"Lists, Filters, and Sorting",Apply filters efficiently with clear interaction model,• Users confused by delayed or automatic updates.,• Use real-time apply for lightweight filters. • Use “Apply” button for heavy operations.,• Instant update or clear Apply CTA.,• Full page reload without feedback.,• Predictable behavior reduces cognitive friction.,GIGW 3.0 SC 6.1.3; BIS IS 17802:2022 8.3.2,Clear filter behavior improves trust and performance.,Optimizing,"Designer, Developer",Medium Issue,Perceived performance,Website (Desktop); Website (Mobile View); Mobile App,Filtered lists,Filter actions,Interaction,Behavioral,Evaluative,0.82,v3.0.0
LFS-013,"Lists, Filters, and Sorting",Show visual confirmation of active filters,• Users lose track of applied filters.,• Highlight active filters and show count if needed.,• Active chips + “3 filters applied”.,• No indication of applied filters.,• Feedback helps orientation and reduces errors.,GIGW 3.0 SC 6.2.1; BIS IS 17802:2022 7.5.3; DBIM 4.4,Visibility of system state improves confidence.,Foundational,"Designer, Developer",Medium Issue,Transparency,Website (Desktop); Website (Mobile View); Mobile App,Filtered views,"Filter chips, Badges",Feedback,Visual,Evaluative,0.86,v3.0.0
LFS-014,"Lists, Filters, and Sorting",Provide clear option to reset all filters,• Users struggle to return to default state.,• Add visible “Clear All Filters” action.,• Single-tap reset restores baseline list.,• Filters must be cleared one-by-one.,• Supports error recovery and control.,WCAG 2.1 SC 3.3.6; GIGW 3.0 SC 6.2.2; BIS IS 17802:2022 7.5.4; DBIM 4.5,Easy recovery prevents frustration and abandonment.,Foundational,"Designer, Developer",Medium Issue,Recovery time,Website (Desktop); Website (Mobile View); Mobile App,Filter interfaces,Reset controls,Recovery,Behavioral,Evaluative,0.89,v3.0.0
LFS-015,"Lists, Filters, and Sorting",Persist user filter preferences across sessions,• Users must reapply filters repeatedly.,• Persist last-used filters using cookies or user profile preferences.,• Returning user sees previously applied filters.,• Filters reset every visit without user choice.,• Persistence must respect consent and privacy controls.,GIGW 3.0 SC 6.2.4; DBIM 4.3; BIS IS 17802:2022 7.4.2,Reduces repetitive effort and improves efficiency.,Optimizing,"Designer, Developer",Small Issue,"Return usage, Efficiency",Website (Desktop); Website (Mobile View); Mobile App,Listing pages,Filter state,Personalization,Behavioral,Evaluative,0.81,v3.0.0
LFS-016,"Lists, Filters, and Sorting",Allow users to create and save custom filter presets,• Power users cannot reuse complex filters.,• Enable naming and saving filter combinations.,• Preset like “My Daily Schemes”.,• Filters lost after navigation.,• Saved presets must be clearly labeled and editable.,GIGW 3.0 SC 6.2.4,Supports advanced workflows without cluttering UI.,Optimizing,"Designer, Developer",Small Issue,Power-user efficiency,Website (Desktop); Website (Mobile View); Mobile App,Data-heavy listings,Filter presets,Personalization,Behavioral,Evaluative,0.79,v3.0.0
LFS-017,"Lists, Filters, and Sorting",Provide relevant sorting options,• Users cannot reorder content meaningfully.,"• Offer context-appropriate sorting (date, relevance, name).",• “Sort by Newest / Popular”.,• Single hard-coded order.,• Sorting controls must be keyboard operable.,GIGW 3.0 SC 6.3.1,Sorting improves content findability.,Foundational,"Designer, Developer",Medium Issue,Findability,Website (Desktop); Website (Mobile View); Mobile App,Listing pages,Sort controls,Exploration,Structural,Evaluative,0.87,v3.0.0
LFS-018,"Lists, Filters, and Sorting",Define a logical default sorting order,• Initial order feels arbitrary.,"• Default to most useful order (e.g., relevance).",• “Newest First” for updates.,• Alphabetical by default without rationale.,• Predictable defaults reduce confusion.,GIGW 3.0 SC 6.3.1,Strong defaults reduce user effort.,Foundational,"Designer, Developer",Medium Issue,First-time success,Website (Desktop); Website (Mobile View); Mobile App,Listing pages,Sort logic,Orientation,Semantic,Evaluative,0.86,v3.0.0
LFS-019,"Lists, Filters, and Sorting",Allow ascending and descending sort toggling,• Users cannot reverse order.,• Enable ▲ / ▼ toggles for each criterion.,• Price ↑ / ↓ toggle.,• Fixed direction sorting.,• Controls must expose state to assistive tech.,WCAG 2.1 SC 2.4.5; DBIM 4.2; BIS IS 17802:2022 7.3.5,Supports flexible comparison.,Foundational,"Designer, Developer",Medium Issue,Control,Website (Desktop); Website (Mobile View); Mobile App,Sorted lists,Sort toggles,Comparison,Behavioral,Evaluative,0.85,v3.0.0
LFS-020,"Lists, Filters, and Sorting",Enable combination sorting where contextually useful,• Single-criterion sorting insufficient.,• Allow secondary sort rules if relevant.,• “Price then Rating”.,• No multi-criteria control for dense data.,• Advanced controls should not overwhelm novices.,GIGW 3.0 SC 6.3.1,Improves decision quality for complex data.,Advanced,Designer,Small Issue,Decision accuracy,Website (Desktop); Website (Mobile View); Mobile App,Data comparison pages,Multi-sort controls,Advanced exploration,Structural,Evaluative,0.74,v3.0.0
LFS-021,"Lists, Filters, and Sorting",Display clear indicators for current sort order,• Users unsure how content is ordered.,• Use arrows or icons to show direction.,• “↓ Price” highlighted.,• No visible sort indicator.,• Icons must have text alternatives.,GIGW 3.0 SC 6.3.2; DBIM 4.3,Visibility of system state builds trust.,Foundational,Designer,Medium Issue,Transparency,Website (Desktop); Website (Mobile View); Mobile App,Sorted lists,Sort indicators,Feedback,Visual,Evaluative,0.88,v3.0.0
LFS-022,"Lists, Filters, and Sorting",Highlight the active sorting option,• Active sort not visually distinguished.,• Apply selected state styling to active option.,• Bold or filled active sort button.,• All sort options look identical.,• Active state must be perceivable beyond color alone.,WCAG 2.1 SC 1.3.1; SC 2.4.7; GIGW 3.0 SC 6.3.2,Reinforces orientation and reduces errors.,Foundational,"Designer, Developer",Medium Issue,Orientation,Website (Desktop); Website (Mobile View); Mobile App,Sorted lists,Sort controls,Feedback,Visual,Evaluative,0.89,v3.0.0
FDE-001,Forms and Data Entry,Limit forms to essential fields only,• Forms include unnecessary or redundant fields that increase effort.,• Request only task-critical data; remove optional or duplicate fields; use progressive disclosure where needed.,"• Application form asks only name, ID, and required eligibility details.",• Long forms requesting unrelated demographic or optional data upfront.,• Fewer fields reduce cognitive load and support users with memory or attention impairments.,WCAG 2.1 SC 3.3.2; WCAG 2.2 SC 1.3.5; GIGW 3.0 Accessible Forms,"Minimizing fields directly improves completion rates and reduces abandonment, especially on mobile and low-bandwidth contexts.",Foundational,Designer,Big Issue,Form completion rate; Drop-off rate; Time on task,Website (Desktop); Website (Mobile View); Mobile App,All form-based pages,Form fields; Field groups,Data collection,Structural,Automated,0.92,v3.0.0
FDE-002,Forms and Data Entry,Use multi-step forms for long data entry,• Long single-page forms overwhelm users.,• Break forms into logical steps with clear navigation and backward movement.,• Form divided into “Personal Details → Address → Review & Submit”.,• Single scrolling form with 20+ fields.,• Step-wise segmentation supports focus and reduces cognitive overload.,WCAG 2.1 SC 3.3.2; SC 3.3.5; GIGW 3.0 Progressive Disclosure,Chunking information improves comprehension and task success for complex workflows.,Optimizing,Designer,Medium Issue,Task success; Drop-off rate,Website (Desktop); Website (Mobile View); Mobile App,Multi-step forms,Steppers; Form sections,Long-form submission,Structural,Evaluative,0.78,v3.0.0
FDE-003,Forms and Data Entry,Show clear progress indicators in multi-step forms,• Users are unaware of progress or remaining steps.,• Display persistent progress indicators like “Step 2 of 4”.,• Visible progress bar remains fixed during form completion.,• No indication of form length or remaining steps.,• Progress indicators improve orientation for screen reader and cognitive accessibility users.,WCAG 2.2 SC 2.5.3; SC 2.4.6; GIGW 3.0 Process Guidance,Visibility of progress reduces anxiety and increases completion confidence.,Optimizing,Designer,Medium Issue,Completion confidence; Drop-off rate,Website (Desktop); Website (Mobile View); Mobile App,Multi-step forms,Progress bars; Step indicators,Guided workflows,Visual,Evaluative,0.76,v3.0.0
FDE-004,Forms and Data Entry,Ensure visible and clear field labels,"• Labels are missing, unclear, or replaced by placeholders.",• Use explicit labels positioned above or beside fields; do not rely on placeholders alone.,• “Mobile Number” label displayed above input field.,• Placeholder text disappears when user starts typing.,• Clear labels are essential for screen readers and cognitive accessibility.,WCAG 2.2 SC 3.3.2; GIGW 3.0 Form Clarity,Proper labeling prevents input errors and supports assistive technologies.,Foundational,Designer,Medium Issue,Error rate; Accessibility compliance,Website (Desktop); Website (Mobile View); Mobile App,All form pages,Input fields; Labels,Data entry,Structural,Automated,0.94,v3.0.0
FDE-005,Forms and Data Entry,Use appropriate input types for data fields,• Incorrect input types increase typing effort and errors.,"• Map fields to correct input types (tel, number, date, dropdowns).",• Numeric keypad opens for phone number field.,• Free-text field used for date or phone number.,• Optimized input types improve motor accessibility and reduce effort.,GIGW 3.0 Accessible Forms; WCAG 2.2 SC 2.5.1,Correct input types significantly improve speed and accuracy on mobile devices.,Foundational,Designer; Developer,Big Issue,Input errors; Time on task,Website (Desktop); Website (Mobile View); Mobile App,Form pages,Input controls,Mobile data entry,Structural,Evaluative,0.88,v3.0.0
FDE-006,Forms and Data Entry,Provide real-time input validation with guidance,• Users receive errors only after submission.,• Validate inputs inline with clear error messages and solutions.,• Email field shows error immediately with correction hint.,• Errors shown only after full form submission.,• Real-time feedback reduces memory load and frustration.,WCAG 2.1 SC 3.3.1; SC 3.3.3; GIGW 3.0 Input Feedback,Immediate validation prevents cascading errors and repeated submissions.,Foundational,Designer,Big Issue,Error recovery rate; Completion rate,Website (Desktop); Website (Mobile View); Mobile App,Form pages,Validation messages,Data entry,Behavioral,Evaluative,0.86,v3.0.0
FDE-007,Forms and Data Entry,Optimize input fields for touch interaction,"• Input fields and controls are too small or closely packed, causing touch errors.",• Ensure all interactive elements meet minimum touch target size and spacing; avoid dense clustering on small screens.,• Buttons and fields are ≥48×48 px with 8–12 px spacing on mobile.,"• Small checkboxes placed too close together, causing accidental taps.",• Adequate sizing and spacing support users with motor impairments and reduce interaction errors.,WCAG 2.1 SC 2.5.1; WCAG 2.2 SC 2.5.8; GIGW 3.0 Mobile Accessibility,Touch-optimized controls are critical for mobile-first government services and directly impact task success and error rates.,Foundational,Designer,Big Issue,Input error rate; Task success rate; Abandonment,Website (Desktop); Website (Mobile View); Mobile App,All form pages,Input fields; Buttons; Checkboxes,Touch interaction,Structural,Evaluative,0.9,v3.0.0
FDE-008,Forms and Data Entry,Enable autofill for repetitive or predictable inputs,• Users must repeatedly type commonly known or system-derivable data.,• Use standard autocomplete attributes and platform autofill APIs; support OTP autofill where applicable.,"• Email, address, and OTP fields autofill automatically.",• OTP or address fields require full manual entry every time.,• Autofill reduces cognitive load and benefits users with motor or cognitive limitations.,WCAG 2.1 SC 1.3.5; WCAG 2.2 SC 2.2.1; GIGW 3.0 Form Efficiency,Autofill significantly reduces effort and friction in high-frequency government transactions.,Optimizing,Developer,Medium Issue,Time on task; Completion rate,Website (Desktop); Website (Mobile View); Mobile App,Authentication and service forms,Input fields; OTP fields,Repetitive data entry,Structural,Evaluative,0.82,v3.0.0
FDE-009,Forms and Data Entry,Provide intelligent suggestions and predictive input,• Users must type full values even when options are predictable.,"• Offer context-aware suggestions (auto-suggest, predictive text) without overwhelming users.",• City field suggests matching cities as the user types.,• Long dropdowns or free-text fields with no suggestions.,• Predictive assistance supports cognitive accessibility and reduces memory load.,WCAG 2.1 SC 1.3.1; SC 1.3.5; GIGW 3.0 Input Acceleration,Intelligent suggestions accelerate form completion while reducing input errors.,Optimizing,Developer,Medium Issue,Time on task; Error rate,Website (Desktop); Website (Mobile View); Mobile App,Forms with categorical inputs,Auto-suggest fields,Assisted data entry,Behavioral,Evaluative,0.75,v3.0.0
FDE-010,Forms and Data Entry,Use placeholder text only as supportive guidance,• Placeholder text is misused as a replacement for labels or validation.,• Use placeholders only to show examples or format hints; always retain visible labels.,"• Placeholder shows “e.g., name@example.com” with a visible label above.",• Placeholder disappears and acts as the only label.,• Screen readers may not announce placeholders reliably; labels are essential.,WCAG 2.1 SC 3.3.2; GIGW 3.0 Forms; BIS IS 17802:2022 SC 5.6.3,Proper use of placeholders prevents ambiguity and supports assistive technologies.,Foundational,Designer; Developer,Medium Issue,Error rate; Accessibility compliance,Website (Desktop); Website (Mobile View); Mobile App,All form pages,Input fields; Placeholders,Input guidance,Structural,Evaluative,0.88,v3.0.0
BG-001,Banners and Graphics,Ensure every banner has a clear purpose,• Banners are used decoratively without serving an informational or task-related goal.,"• Define a clear objective for each banner (promotion, guidance, alert) before design; remove purely decorative banners.",• Banner highlights an application deadline with CTA.,• Decorative banner with no message or action relevance.,• Meaningful graphics reduce cognitive load and help assistive technologies interpret content purpose.,WCAG 2.1 SC 1.1.1; GIGW 3.0 Graphics Guidance,Purpose-driven banners prevent visual noise and keep users focused on primary tasks.,Optimizing,Designer,Medium Issue,Task focus; Engagement rate,Website (Desktop); Website (Mobile View); Mobile App,Home; Section landing pages,Banners; Hero graphics,Content emphasis,Semantic,Evaluative,0.7,v3.0.0
BG-002,Banners and Graphics,Maintain contextual relevance of banners,• Banners are unrelated to the section or content they appear alongside.,• Ensure banners align with the local page context and user intent.,• Scholarship banner placed in Education section.,• Agriculture banner placed in Scholarship section.,"• Contextual relevance aids comprehension, especially for users with cognitive disabilities.",WCAG 2.1 SC 1.1.1; GIGW 3.0 Media Usability,Contextual banners reinforce information scent and reduce user confusion.,Optimizing,Designer,Medium Issue,Content discoverability; Bounce rate,Website (Desktop); Website (Mobile View); Mobile App,All content sections,Banners; Inline graphics,Contextual messaging,Semantic,Evaluative,0.72,v3.0.0
BG-003,Banners and Graphics,Ensure branding consistency in banners,"• Banners use inconsistent colors, fonts, or styles.","• Apply approved brand colors, typography, and visual language consistently.",• Banner follows DBIM color palette and typography.,• Banner uses random fonts or non-brand colors.,• Consistent visuals support recognition and predictable navigation.,WCAG 2.1 SC 3.2.4; GIGW 3.0 Branding,Branding consistency builds trust and reinforces institutional identity.,Foundational,Designer,Small Issue,Brand trust; Visual consistency,Website (Desktop); Website (Mobile View); Mobile App,All pages with banners,Banners; Promotional graphics,Brand identity,Visual,Evaluative,0.85,v3.0.0
BG-004,Banners and Graphics,"Use high-resolution, scalable graphics",• Low-quality or pixelated graphics reduce clarity and professionalism.,"• Use scalable formats (SVG, WebP, 2x assets) for all banners and graphics.",• Retina-ready WebP banner renders clearly.,• Blurry JPG stretched beyond native resolution.,• Clear visuals benefit low-vision users and prevent misinterpretation.,WCAG 1.4.3; WCAG 1.4.5; GIGW 3.0 Visual Clarity,High-quality graphics ensure readability across devices and resolutions.,Foundational,Designer,Small Issue,Perceived quality; Readability,Website (Desktop); Website (Mobile View); Mobile App,All pages with graphics,Banners; Images,Visual presentation,Structural,Evaluative,0.88,v3.0.0
BG-005,Banners and Graphics,Balance visual appeal without overwhelming users,"• Excessive visuals, animations, or colors distract from content.","• Use whitespace, limit elements, and avoid competing visuals.",• Clean banner with single message and ample spacing.,"• Banner with flashing text, multiple CTAs, and clutter.",• Reduced visual noise supports users with attention or cognitive impairments.,WCAG 2.1 SC 1.4.3; SC 1.4.8; GIGW 3.0 UI Design,Controlled visual emphasis improves comprehension and task efficiency.,Optimizing,Designer,Medium Issue,Task completion; Attention retention,Website (Desktop); Website (Mobile View); Mobile App,High-traffic pages,Banners; Hero sections,Attention management,Behavioral,Evaluative,0.74,v3.0.0
BG-006,Banners and Graphics,Prevent banners from obstructing core functionality,"• Banners block navigation, content, or critical controls.",• Position banners in non-intrusive areas; use dismissible patterns for alerts.,• Top alert banner that can be dismissed.,• Banner covering form fields or navigation.,• Obstruction disproportionately affects keyboard and screen-reader users.,WCAG 2.1 SC 1.4.13; SC 2.4.7; GIGW 3.0 Usability; BIS IS 17802,Non-obstructive banners preserve access to primary user tasks.,Foundational,Designer,Big Issue,Task success; Accessibility compliance,Website (Desktop); Website (Mobile View); Mobile App,All interactive pages,Banners; Alerts,Interaction safety,Behavioral,Evaluative,0.9,v3.0.0
BG-007,Banners and Graphics,Ensure responsive sizing of banners across devices,"• Banners do not scale correctly across screen sizes, causing readability or usability issues.","• Use responsive layouts (fluid widths, media queries) so banners adapt without loss of clarity or hierarchy.","• Banner scales proportionally on desktop, tablet, and mobile with readable text.",• Banner text becomes unreadable or cropped on mobile.,• Proper reflow supports low-vision users and prevents horizontal scrolling.,WCAG 2.1 SC 1.4.10; SC 1.4.4; SC 1.4.5; GIGW 3.0 Responsive Layouts,Responsive banners preserve content legibility and interaction across devices.,Foundational,Designer,Medium Issue,Readability; Task success,Website (Desktop); Website (Mobile View); Mobile App,All pages with banners,Banners; Hero sections,Responsive layout,Structural,Evaluative,0.82,v3.0.0
BG-008,Banners and Graphics,Provide clear and prominent calls to action in banners,• Banners lack clear guidance on next steps or hide CTAs visually.,"• Include concise, action-oriented CTAs with strong visual contrast and predictable placement.",• Banner with “Apply Now” button clearly visible and tappable.,• Banner text with no actionable CTA.,• Clear CTAs help screen-reader users understand purpose and outcome of interaction.,WCAG 2.1 SC 2.4.4; SC 3.2.4; GIGW 3.0 UI Design,Explicit CTAs convert attention into meaningful user action.,Optimizing,Designer,Medium Issue,Conversion; Engagement,Website (Desktop); Website (Mobile View); Mobile App,Landing pages; Campaign pages,Banners; CTA buttons,User guidance,Semantic,Evaluative,0.78,v3.0.0
BG-009,Banners and Graphics,Enable interaction for actionable banners,• Banners suggest action but are not interactive or lack clear affordance.,• Make actionable banners tappable with clear hit areas and accessible labels.,• Entire banner or CTA area is clickable with aria-label.,• Banner looks clickable but has no interaction.,• Interactive clarity benefits keyboard and assistive technology users.,WCAG 2.1 SC 1.1.1; SC 3.2.4; GIGW 3.0 Graphics Guidelines,Aligning visual affordance with interaction prevents user confusion.,Optimizing,Designer,Small Issue,Engagement; Click-through rate,Website (Desktop); Website (Mobile View); Mobile App,Promotional sections,Interactive banners,Action affordance,Behavioral,Evaluative,0.75,v3.0.0
BG-010,Banners and Graphics,Use animations subtly to draw attention,"• Animations distract, overwhelm, or interfere with comprehension.","• Apply short, subtle animations (<500ms) only to emphasize priority content.",• Gentle fade-in on banner appearance.,• Flashing or looping animation competing with content.,• Reduced motion benefits users with vestibular disorders.,WCAG 2.1 SC 2.3.3; SC 2.2.2,Controlled motion improves focus without harming accessibility.,Optimizing,Developer,Medium Issue,Attention retention; Accessibility,Website (Desktop); Website (Mobile View); Mobile App,High-visibility areas,Animated banners,Motion control,Behavioral,Evaluative,0.73,v3.0.0
BG-011,Banners and Graphics,Ensure animations do not degrade performance or battery life,"• Heavy animations impact load time, performance, or battery usage.","• Use lightweight, GPU-friendly animations and test on low-end devices.",• CSS transform/opacity animation running smoothly.,• Large GIF or CPU-intensive animation draining battery.,• Performance stability supports assistive tech and low-resource devices.,WCAG 2.1 SC 2.2.2; WCAG 2.2 SC 2.3.1,Efficient animations maintain usability without hidden user cost.,Optimizing,Developer; Designer,Medium Issue,Performance; Battery usage,Website (Desktop); Website (Mobile View); Mobile App,All pages with animation,Animated banners,Performance efficiency,Structural,Evaluative,0.76,v3.0.0
BG-012,Banners and Graphics,Keep banner text concise and visually supported,"• Banner text is verbose, dense, or hard to scan quickly.",• Limit copy to key message and reinforce with relevant visuals or icons.,• Banner headline under 20 words with supporting icon.,• Long paragraph text inside banner.,• Concise text improves comprehension for cognitive and screen-reader users.,WCAG 3.1 Readable; GIGW 3.0 Content Clarity,"Short, focused messaging maximizes banner effectiveness in limited attention spans.",Optimizing,Designer,Medium Issue,Message clarity; Engagement,Website (Desktop); Website (Mobile View); Mobile App,Marketing and info banners,Banner copy,Content clarity,Semantic,Evaluative,0.8,v3.0.0
BG-013,Banners and Graphics,Ensure readable text size and sufficient contrast,"• Banner text is too small or lacks contrast, reducing readability.","• Use minimum 16px text on mobile, scalable units, and ≥4.5:1 contrast ratios.",• Banner text readable on all devices with strong contrast.,• Light grey text over white background.,• Supports low-vision users and users in bright environments.,WCAG 2.1 SC 1.4.3; 1.4.4; 1.4.10; GIGW 3.0 Typography,Readable banners ensure information is perceivable without strain.,Foundational,Designer; Developer,Big Issue,Readability; Accessibility,Website (Desktop); Website (Mobile View); Mobile App,All pages with banners,Banner text,Visual clarity,Structural,Automated,0.9,v3.0.0
BG-014,Banners and Graphics,Provide alternative text for banners and graphics,• Images lack meaningful alternative text for assistive technologies.,"• Add descriptive alt text for informative banners; use alt="""" for decorative images.",• Banner image announced clearly by screen reader.,• Image announced as “image123.jpg”.,• Essential for screen-reader users and non-visual access.,WCAG 2.1 SC 1.1.1,Alt text ensures non-text content is accessible and meaningful.,Foundational,Designer; Developer,Big Issue,Accessibility compliance,Website; Mobile Web; Mobile App,All pages,Images; Banners,Assistive tech,Structural,Automated,0.95,v3.0.0
BG-015,Banners and Graphics,Prevent banner overload and manage multiple banners,• Too many banners overwhelm users and distract from primary tasks.,• Limit to 1–3 banners; use carousels only with manual controls and pause.,• Single banner with optional carousel controls.,• Multiple competing banners visible at once.,• Reduces cognitive load and motion sensitivity issues.,WCAG 2.1 SC 2.2.2; 1.3.1; 2.1.1; GIGW 3.0,Controlled banner density preserves focus and usability.,Optimizing,Designer; Developer,Medium Issue,Cognitive load; Engagement,Website; Mobile Web; Mobile App,Home; Landing pages,Banners; Carousels,Visual density,Behavioral,Evaluative,0.82,v3.0.0
BG-016,Banners and Graphics,Keep banners updated and content current,• Outdated banners reduce trust and relevance.,• Define review cycles and archive expired or irrelevant banners.,• Event banner removed after deadline.,• Old campaign banner still displayed.,• Fresh content improves comprehension and credibility.,GIGW 3.0 Content Governance,Regular updates maintain user trust and relevance.,Advanced,Designer; Developer,Small Issue,Trust; Content quality,Website; Mobile Web; Mobile App,All pages,Banners,Content lifecycle,Behavioral,Evaluative,0.7,v3.0.0
BG-017,Banners and Graphics,Localize banners for language and cultural context,• Banners ignore regional language or cultural norms.,• Serve localized text and culturally appropriate visuals per region.,• Hindi banner shown for Hindi locale.,• English-only banner on regional portal.,• Improves comprehension and inclusivity.,WCAG 2.1 SC 1.3.1; GIGW 3.0 Localization,Localization increases relevance and inclusiveness.,Optimizing,Designer; Developer,Medium Issue,Inclusivity; Engagement,Website; Mobile Web; Mobile App,All pages,Banners,Localization,Semantic,Evaluative,0.78,v3.0.0
BG-018,Banners and Graphics,Ensure contextual relevance of banners,• Generic banners ignore user location or preferences.,• Use geo or preference signals to show relevant banners.,• State-specific scheme banner shown regionally.,• Irrelevant scheme banner shown universally.,• Contextual relevance reduces confusion and noise.,WCAG 2.1 SC 1.3.1; GIGW 3.0 User-Centric Design,Relevant banners improve usefulness and attention.,Optimizing,Designer; Developer,Medium Issue,Relevance; Engagement,Website; Mobile Web; Mobile App,Home; Dashboards,Banners,Context awareness,Behavioral,Evaluative,0.8,v3.0.0
BG-019,Banners and Graphics,Optimize images for fast loading,"• Large, unoptimized images slow down page load.",• Use compressed formats (WebP/AVIF) and responsive images.,• Banner loads quickly on 3G network.,• Heavy JPG delaying page render.,• Faster load benefits low-bandwidth users.,WCAG 2.1 SC 2.2.2; GIGW 3.0 Performance,Performance optimization supports usability and access.,Optimizing,Designer,Medium Issue,Performance; Load time,Website; Mobile Web; Mobile App,All pages,Images; Banners,Performance,Structural,Evaluative,0.83,v3.0.0
BG-020,Banners and Graphics,Use lazy loading for non-critical banners,• Below-the-fold banners load unnecessarily early.,• Apply lazy loading for offscreen banners and graphics.,• Below-fold banner loads on scroll.,• All banners loaded on initial render.,• Improves initial load speed and efficiency.,WCAG 2.1 SC 2.2.2; GIGW 3.0,Lazy loading balances performance and experience.,Optimizing,Designer; Developer,Medium Issue,Performance; Speed,Website; Mobile Web; Mobile App,Content-heavy pages,Banners; Images,Progressive loading,Structural,Evaluative,0.81,v3.0.0
BG-021,Banners and Graphics,Make banner notifications clear and dismissible,• Notification banners obstruct tasks or cannot be dismissed.,"• Use concise copy, clear hierarchy, and visible close controls.",• Top alert banner with × button.,• Modal banner blocking interaction.,"• Supports focus, control, and accessibility.",WCAG 2.1 SC 2.2.2; GIGW 3.0 UI Guidance,Non-intrusive alerts respect user control.,Optimizing,Designer; Developer,Medium Issue,Task continuity; Satisfaction,Website; Mobile Web; Mobile App,All pages,Notification banners,User control,Behavioral,Evaluative,0.85,v3.0.0
WCQ-001,Writing & Content Quality,Organize content into clear categories,"• Content appears as long, unstructured blocks, making exploration difficult.","• Group content into logical sections using categories, tags, or filters (topic, user type, service type).","• Page divided into clear sections like “Eligibility,” “Benefits,” “How to Apply.”",• Entire page presented as continuous paragraphs.,• Proper structure improves navigation for screen readers and keyboard users.,WCAG 2.1 SC 2.4.6; GIGW 3.0 IA; DBIM 2.2; BIS IS 17802:2022,Categorized content reduces cognitive load and improves findability.,Foundational,Designer; Developer,Medium Issue,Findability; Task success,Website (Desktop); Website (Mobile View),Content-heavy pages,Sections; Filters,Information exploration,Structural,Automated,0.9,v3.0.0
WCQ-002,Writing & Content Quality,Recommend personalized content where appropriate,"• Generic content ignores user context, reducing relevance and engagement.","• Surface contextual recommendations using location, session data, or usage trends without mandatory login.",• “Popular Services in Your State” section displayed.,• Same content shown to all users regardless of context.,• Must respect consent and avoid manipulative personalization.,GIGW 3.0 Personalization; DBIM 2.5; BIS IS 17802:2022,Contextual relevance improves engagement without increasing friction.,Optimizing,Designer; Developer,Medium Issue,Engagement; Relevance,Website; Mobile Web; Mobile App,Home; Dashboards,Content blocks,Context-aware UX,Behavioral,Automated,0.82,v3.0.0
WCQ-003,Writing & Content Quality,Ensure content is easy to understand or simplified,• Content is written in complex language that many users cannot easily understand.,"• Use plain language, short sentences, icons, and explainers; provide simplified summaries for complex topics.",• Plain-language summary with info tooltip for legal terms.,• Dense legal or bureaucratic text with no explanation.,• Supports users with cognitive disabilities and low literacy.,WCAG 2.1 SC 3.1.5; BIS IS 17802:2022,Simpler language improves comprehension and completion rates.,Foundational,Designer,Medium Issue,Comprehension; Completion,Website; Mobile Web; Mobile App,All informational pages,Text content,Cognitive accessibility,Semantic,Automated,0.88,v3.0.0
WCQ-004,Writing & Content Quality,Tailor content to target audience demographics,• Content ignores users’ language proficiency or cultural context.,"• Adapt language, examples, and structure based on user research and locale.",• Regional language content with culturally relevant examples.,• One-size-fits-all content across diverse audiences.,• Correct language tagging is critical for screen readers.,WCAG 2.1 SC 3.1.1; 3.1.2; BIS IS 17802:2022,Audience-aligned content improves trust and usability.,Optimizing,Designer,Medium Issue,Inclusivity; Trust,Website; Mobile Web; Mobile App,All pages,Text content,Localization,Semantic,Automated,0.8,v3.0.0
WCQ-005,Writing & Content Quality,Maintain consistent brand voice,"• Content tone varies across pages, creating inconsistency.","• Follow a defined content style guide for tone, vocabulary, and phrasing.",• Consistent formal-yet-approachable government tone throughout.,"• Casual tone on one page, bureaucratic tone on another.",• Predictable language supports comprehension.,GIGW 3.0 SC 4.4.1; DBIM; BIS IS 17802:2022,Consistent voice builds credibility and clarity.,Advanced,Designer,Small Issue,Trust; Brand coherence,Website; Mobile Web; Mobile App,All pages,Text content,Brand communication,Semantic,Automated,0.72,v3.0.0
WCQ-006,Writing & Content Quality,Adjust tone based on content context,"• Same tone used for legal, help, and onboarding content.","• Match tone to purpose: formal for policy, supportive for guidance, encouraging for onboarding.",• Friendly onboarding copy; formal policy language.,• Casual language on legal disclaimer page.,• Clear tone helps users interpret intent correctly.,GIGW 3.0 SC 4.4.2; BIS IS 17802:2022,Contextual tone reduces confusion and anxiety.,Optimizing,Designer,Medium Issue,Clarity; Confidence,Website; Mobile Web; Mobile App,Contextual pages,Text content,Context framing,Semantic,Automated,0.78,v3.0.0
WCQ-007,Writing & Content Quality,Use hierarchical headings and structured formatting,"• Content lacks headings or logical structure, making scanning difficult.","• Apply proper heading hierarchy (H1–H3), bullets, and summaries for scannability.",• Clear headings with bullet lists under each section.,• Bold text used instead of semantic headings.,• Heading structure is essential for screen readers.,WCAG 2.1 SC 1.3.1; GIGW 3.0 4.3.1; BIS IS 17802:2022,Structured content improves navigation and comprehension.,Foundational,Designer,Medium Issue,Readability; Accessibility,Website; Mobile Web; Mobile App,All content pages,Headings; Lists,Content structure,Structural,Automated,0.92,v3.0.0
WCQ-008,Writing & Content Quality,Highlight important information prominently,"• Critical information such as deadlines, warnings, or mandatory steps is visually buried.","• Use visual hierarchy (bold text, highlight boxes, callouts, alerts) to surface key information clearly.",• Deadline shown in highlighted info box at top of page.,• Important notice embedded mid-paragraph.,• Visual emphasis must not rely on color alone; ensure semantic cues for screen readers.,WCAG 2.1 SC 1.3.1; BIS IS 17802:2022 SC 6.2.3,Clear emphasis reduces missed actions and user errors.,Foundational,Designer; Developer,Medium Issue,Task success; Error reduction,Website; Mobile Web; Mobile App,Instructional & transactional pages,Alerts; Text blocks,High-risk or time-sensitive tasks,Structural,Automated,0.9,v3.0.0
WCQ-009,Writing & Content Quality,Ensure grammatical correctness,• Grammatical errors reduce trust and comprehension.,• Use automated grammar checks and editorial review before publishing.,• Content passes grammar checks and human review.,"• Frequent tense, agreement, or sentence errors.",• Clear grammar improves comprehension for assistive technology users.,GIGW 3.0 SC 5.3.2; BIS IS 17802:2022 SC 6.4.2,Language quality directly impacts credibility.,Optimizing,Designer,Medium Issue,Trust; Readability,Website; Mobile Web; Mobile App,All content pages,Text content,Public-facing communication,Linguistic,Automated,0.75,v3.0.0
WCQ-010,Writing & Content Quality,Eliminate spelling and typographical errors,• Typos and punctuation issues create friction and reduce confidence.,• Enforce proofreading workflows combining automated tools and manual checks.,• Error-free published content.,• Misspellings or inconsistent punctuation visible on live pages.,• Error-free text benefits screen readers and translation engines.,GIGW 3.0 SC 5.3.2,Error-free content signals reliability and care.,Optimizing,Designer,Medium Issue,Trust; Content quality,Website; Mobile Web; Mobile App,All pages,Text content,Published content lifecycle,Linguistic,Automated,0.78,v3.0.0
WCQ-011,Writing & Content Quality,Break content into readable chunks with whitespace,• Dense text blocks discourage reading and scanning.,"• Use short paragraphs, sub-headings, spacing, and adequate line height.",• Paragraphs ≤4 lines with clear spacing.,• Long unbroken text blocks.,• Adequate spacing improves readability for cognitive and low-vision users.,GIGW 3.0 SC 5.4.3,Readable layouts improve engagement and comprehension.,Foundational,Designer; Developer,Medium Issue,Readability; Engagement,Website; Mobile Web; Mobile App,Informational pages,Text layout,Content consumption,Structural,Automated,0.92,v3.0.0
WCQ-012,Writing & Content Quality,Provide clear instructions and guidance,• Users struggle to understand how to use features or complete tasks.,"• Add step-by-step instructions, tooltips, inline guidance, and contextual help.",• Form includes clear steps and field guidance.,• Feature presented without explanation.,• Instructions must be programmatically associated with controls.,GIGW 3.0 SC 5.2.1.1; WCAG 2.1 SC 3.3.2,Clear guidance reduces abandonment and errors.,Foundational,Designer; Developer,Medium Issue,Task completion; Error rate,Website; Mobile Web; Mobile App,Task-based flows,Help text; Tooltips,First-time or complex tasks,Semantic,Manual,0.85,v3.0.0
WCQ-013,Writing & Content Quality,Ensure overall content accessibility compliance,• Content is not usable with assistive technologies or text resizing.,"• Use semantic HTML, scalable text, accessible headings, and contrast-safe styles.",• Text resizes to 200% without loss of content.,• Fixed text sizes or broken layouts on zoom.,• Directly impacts screen reader and low-vision users.,WCAG 2.1 SC 1.4.4; 1.1.1; 4.1.2; GIGW 3.0 SC 5.1.3,Accessibility compliance is non-negotiable for public services.,Foundational,Designer; Developer,Big Issue,Accessibility; Legal compliance,Website; Mobile Web; Mobile App,All pages,Text & media,Inclusive access,Structural + Semantic,Automated,0.95,v3.0.0
WCQ-014,Writing & Content Quality,Provide descriptive alternative text for non-text content,• Images lack meaningful alternative descriptions.,• Add context-aware alt text for informative images; use empty alt for decorative ones.,• Image describing process includes functional alt text.,• Alt text missing or generic (“image”).,• Essential for screen reader users and non-visual access.,WCAG 2.1 SC 1.1.1,Alt text ensures equivalent information access.,Foundational,Designer; Developer,Big Issue,Accessibility; Compliance,Website; Mobile Web; Mobile App,All pages,Images; Media,Non-visual access,Structural,Automated,0.96,v3.0.0
WCQ-015,Writing & Content Quality,Keep content accurate and up to date,"• Content becomes outdated as features, policies, or external conditions change.","• Establish periodic content review cycles; use CMS versioning, expiry flags, and ownership tags for time-sensitive content.",• Policy page updated after regulation change with visible “Last updated” date.,• Old instructions still referencing deprecated features.,• Outdated content can mislead assistive technology users relying on textual accuracy.,GIGW 3.0 SC 5.4.1.1,"Accurate, current content is essential for trust, task success, and legal compliance.",Foundational,Designer; Content Owner,Medium Issue,Trust; Task success; Compliance,Website; Mobile Web; Mobile App,Informational & policy pages,Text blocks; Notices,Time-sensitive or regulated content,Temporal,Manual,0.88,v3.0.0
WCQ-016,Writing & Content Quality,Use feedback and analytics to improve content quality,• Content remains static despite user confusion or disengagement signals.,"• Analyse search logs, exit rates, feedback forms, and revise unclear or underperforming content regularly.",• High-exit FAQ page rewritten based on search failures.,• No changes despite repeated user complaints.,• Iterative improvements enhance clarity for diverse cognitive needs.,GIGW 3.0 SC 5.4.1.3,Continuous refinement ensures relevance and usability over time.,Optimizing,Designer; Developer,Small Issue,Engagement; Findability,Website; Mobile Web; Mobile App,Content hubs; Help pages,Feedback widgets; Analytics,Content optimisation cycles,Analytical,Manual,0.82,v3.0.0
WCQ-017,Writing & Content Quality,"Provide clear, accessible placeholder text","• Placeholder text is vague, misleading, or replaces proper labels.","• Use concise, descriptive placeholders that clarify expected input without jargon; always retain visible labels.","• Search field shows “Search services, schemes, or departments”.",• Placeholder reads “Enter here” or used as the only label.,• Placeholder text must meet contrast requirements and not be the sole instruction.,GIGW 3.0 (Search UX); WCAG 2.1 SC 1.3.1; 3.3.2; 1.4.3,Clear placeholders reduce errors while supporting accessibility.,Foundational,Designer; Developer,Medium Issue,Form completion; Error rate,Website; Mobile Web; Mobile App,Forms; Search pages,Input fields,Data entry & search,Semantic,Automated,0.91,v3.0.0
WCQ-018,Writing & Content Quality,Keep tooltip text concise and task-relevant,"• Tooltips are verbose, redundant, or unrelated to the immediate task.","• Limit tooltips to short, actionable explanations directly supporting the control or term.",• Tooltip explains field purpose in one sentence.,• Tooltip contains policy-length text or repeats page content.,"• Tooltips must be accessible on hover and focus, and dismissible.",WCAG 2.1 SC 1.4.13; GIGW 3.0 Usability,Concise tooltips aid understanding without increasing cognitive load.,Optimizing,Designer; Developer,Small Issue,Usability; Clarity,Website; Mobile Web; Mobile App,Interactive screens,Tooltips; Icons,Just-in-time assistance,Semantic,Manual,0.8,v3.0.0
MIA-001,Macro & Micro Interactions and Animations,Use system feedback to keep users informed,"• Users are unaware of system status during loading, success, or error states.","• Use loaders, success confirmations, and error alerts consistently for user actions and background processes.",• Loader shown during data fetch; success toast after submission; inline error on failure.,• Silent delays or failed actions without feedback.,• Status messages must be programmatically announced to screen readers.,"GIGW 3.0 §3.3.3; WCAG 2.1 SC 3.3.1, 3.3.3, 4.1.3",Clear feedback reduces uncertainty and improves task completion confidence.,Foundational,Designer; Developer,Medium Issue,Task success; Trust; Error recovery,Website (Desktop); Website (Mobile View); Mobile App,Forms; Data-heavy pages,Loaders; Alerts; Toasts,User-initiated actions,Visual + Semantic,Partially automated,0.9,v3.0.0
MIA-002,Macro & Micro Interactions and Animations,Provide visual feedback for button states,"• Buttons do not indicate hover, active, disabled, or pressed states.","• Implement visible state changes (color, elevation, opacity) for all button states.","• Button darkens on hover, shows spinner on submit, disables after click.",• Button appears static regardless of interaction.,• Hover and focus states must be keyboard-accessible and not rely on color alone.,GIGW 3.0 SC 4.2.1; WCAG 2.2 SC 1.4.13,Button feedback improves interaction clarity and prevents errors.,Foundational,Designer; Developer,Medium Issue,Interaction clarity; Error prevention,Website; Mobile Web; Mobile App,Action pages,Buttons,Direct interaction,Visual,Manual,0.86,v3.0.0
MIA-003,Macro & Micro Interactions and Animations,Highlight focused form fields,• Users cannot easily identify the active input field.,"• Apply clear focus styles (border, outline, shadow) on focused form elements.",• Focused field shows strong border and label emphasis.,• No visible change when tabbing through fields.,• Must meet WCAG focus visibility requirements and support keyboard navigation.,GIGW 3.0 SC 4.3.2; BIS IS 17802:2022 §5.6.1; WCAG 2.2 SC 2.4.7,Focus indication supports accessibility and reduces form errors.,Foundational,Designer; Developer,Medium Issue,Form completion; Accessibility,Website; Mobile Web; Mobile App,Forms,Input fields,Data entry,Visual,Automated,0.92,v3.0.0
MIA-004,Macro & Micro Interactions and Animations,Use tooltips for contextual help,• Interfaces become cluttered with explanatory text.,• Use hover/focus-based tooltips for secondary explanations only.,• Info icon reveals short tooltip on hover or focus.,• Long explanations embedded directly in UI.,"• Tooltips must be dismissible, non-blocking, and accessible on focus.",WCAG 2.1 SC 1.4.13; GIGW 3.0 SC 4.3.6,Tooltips provide just-in-time help without increasing cognitive load.,Optimizing,Designer; Developer,Small Issue,Clarity; Learnability,Website; Mobile Web; Mobile App,Dense interfaces,Tooltips; Icons,First-time or complex usage,Semantic,Manual,0.8,v3.0.0
MIA-005,Macro & Micro Interactions and Animations,Use skeleton screens for perceived performance,• Blank screens or spinners cause perceived delays on content-heavy pages.,• Use skeleton placeholders that resemble final layout during loading.,• Skeleton cards shown while list content loads.,• Empty screen or spinner only.,• Skeletons must not cause motion issues or confusion for screen readers.,GIGW 3.0 §9.2; UX4G Performance Guidance,Skeletons reduce perceived wait time and maintain engagement.,Optimizing,Designer; Developer,Medium Issue,Perceived performance; Engagement,Website; Mobile Web; Mobile App,Content-heavy pages,Skeleton loaders,Network-dependent loading,Visual,Manual,0.78,v3.0.0
MIA-006,Macro & Micro Interactions and Animations,Provide textual updates for long processes,• Users are unsure whether a long-running process is still active.,"• Show clear status text (e.g., “Processing…”, progress steps, ETA).",• “Processing application – step 2 of 3” displayed.,• Static loader with no explanation.,"• Status text must be readable, persistent, and announced to assistive tech.",WCAG 2.1 SC 2.2.4; GIGW 3.0 SC 4.2.2; BIS IS 17802:2022 §5.5.3,Textual updates manage expectations and reduce abandonment.,Foundational,Designer; Developer,Medium Issue,Task completion; Trust,Website; Mobile Web; Mobile App,Transactional flows,Status messages,Long-running operations,Semantic,Manual,0.87,v3.0.0
MIA-007,Macro & Micro Interactions and Animations,Place notifications consistently and non-intrusively,• Notifications appear inconsistently or block core content.,• Display alerts in a predictable location with clear actions.,• Toast appears top-right with “Undo” or “View details”.,• Modal alert blocks entire screen unnecessarily.,• Notifications must be focus-managed and screen-reader accessible.,GIGW 3.0 SC 4.2.4; WCAG 2.1 SC 3.2.3; BIS IS 17802:2022 §5.5.4,Consistent notification placement improves predictability and response time.,Foundational,Designer; Developer,Medium Issue,Responsiveness; Error recovery,Website; Mobile Web; Mobile App,Global UI,Notifications; Toasts,System feedback,Visual + Semantic,Manual,0.85,v3.0.0
MIA-008,Macro & Micro Interactions and Animations,Provide confirmation messages for completed actions,• Users are unsure whether actions such as form submissions or setting changes were successful.,"• Display clear, contextual confirmation messages immediately after successful actions.",• “Your application has been submitted successfully” message shown after submit.,• Action completes silently with no acknowledgement.,• Confirmation messages must be announced to screen readers and not rely on color alone.,"WCAG 2.1 SC 3.3.1, 3.3.3; GIGW 3.0 SC 4.2.2; BIS IS 17802:2022 §6.4.1",Confirmation reduces uncertainty and builds trust in digital transactions.,Foundational,Designer; Developer,Medium Issue,Task confidence; Error prevention,Website (Desktop); Website (Mobile View); Mobile App,Forms; Settings pages,Alerts; Toasts; Inline messages,Post-action feedback,Visual + Semantic,Manual,0.88,v3.0.0
MIA-009,Macro & Micro Interactions and Animations,Allow users to undo recent actions,• Irreversible actions increase error cost and user anxiety.,• Provide undo or rollback options for destructive or critical actions.,• “Undo delete” toast available for 5–10 seconds.,• Item deleted permanently without recovery option.,• Undo must be keyboard accessible and time-bound with clear messaging.,WCAG 2.1 SC 3.3.4; GIGW 3.0 SC 4.2.3; BIS IS 17802:2022 §6.4.2,Undo mechanisms improve error tolerance and user confidence.,Foundational,Designer; Developer,Big Issue,Error recovery; Trust,Website (Desktop); Website (Mobile View); Mobile App,Data-modifying flows,Toasts; Action bars,Destructive actions,Semantic + Behavioral,Manual,0.9,v3.0.0
MIA-010,Macro & Micro Interactions and Animations,Use consistent animations across similar elements,• Inconsistent motion patterns confuse users and reduce predictability.,• Standardize animation behavior using shared motion tokens or libraries.,• All cards use identical hover elevation and timing.,• Each card animates differently without rationale.,• Animations must respect prefers-reduced-motion settings.,GIGW 3.0 SC 4.4.6; DBIM §6.3.2; BIS IS 17802:2022 §5.1.4,Consistent motion reinforces UI learnability and cohesion.,Optimizing,Designer; Developer,Small Issue,Visual coherence; Learnability,Website (Desktop); Website (Mobile View); Mobile App,Content sections,Cards; Modals; Transitions,Repeated UI patterns,Visual,Manual,0.76,v3.0.0
MIA-011,Macro & Micro Interactions and Animations,Use accordions for secondary information,• Excessive information overloads primary content areas.,• Use expandable sections for secondary or optional information.,• FAQ answers hidden behind accordion toggles.,• Long explanations displayed inline by default.,• Accordions must support keyboard control and aria-expanded states.,"WCAG 2.1 SC 2.4.3, 3.2.4; GIGW 3.0 §6.3.2; DBIM §7.3.1",Progressive disclosure keeps focus on primary tasks.,Optimizing,Designer; Developer,Medium Issue,Cognitive load; Content clarity,Website (Desktop); Website (Mobile View); Mobile App,Information pages,Accordions; Expanders,Dense informational content,Visual + Semantic,Manual,0.84,v3.0.0
MIA-012,Macro & Micro Interactions and Animations,Use interactive maps for location-based information,• Static location information limits usability for spatial tasks.,"• Provide interactive, zoomable maps with markers and controls.",• Map showing nearby service centres with tap-able pins.,• Static image of map without interaction.,• Provide text alternatives and keyboard controls for map interactions.,"WCAG 2.1 SC 1.1.1, 1.3.1; GIGW 3.0 §6.3.3",Interactive maps improve spatial understanding and service discovery.,Advanced,Designer; Developer,Small Issue,Discoverability; Engagement,Website (Desktop); Website (Mobile View); Mobile App,Location-based pages,Maps; Location widgets,Geo-specific services,Visual + Semantic,Manual,0.7,v3.0.0
MIA-013,Macro & Micro Interactions and Animations,Ensure all interactions are keyboard accessible,• Keyboard users cannot operate all interactive elements.,"• Make all controls operable via keyboard (Tab, Enter, Space).",• Menu fully navigable using keyboard only.,• Dropdown inaccessible without mouse.,• Must meet WCAG keyboard and focus order requirements.,"WCAG 2.1 SC 2.1.1, 2.1.2; GIGW 3.0 Accessibility",Keyboard access is fundamental for accessibility compliance.,Foundational,Designer; Developer,Big Issue,Accessibility compliance; Task completion,Website (Desktop); Website (Mobile View); Mobile App,Global UI,All interactive components,All interaction contexts,Semantic + Behavioral,Manual,0.95,v3.0.0
MIA-014,Macro & Micro Interactions and Animations,Provide single-pointer alternatives for multi-touch gestures,• Multi-touch gestures exclude users with motor or assistive limitations.,"• Offer visible, single-tap alternatives for all gesture-based actions.",• Zoom buttons provided alongside pinch-to-zoom.,• Functionality accessible only via swipe or pinch.,• Alternatives must be discoverable and operable with assistive tech.,WCAG 2.1 SC 2.5.1; WCAG 2.2 Pointer Gestures,Gesture alternatives ensure inclusive mobile interactions.,Foundational,Designer; Developer,Medium Issue,Accessibility; Usability,Mobile App,Gesture-driven screens,Maps; Carousels; Drag UI,Touch-based interactions,Behavioral + Visual,Manual,0.89,v3.0.0
HEL-001,"Help, Feedback, and Error Tolerance",Provide a dedicated help centre,• Users cannot find guidance when stuck or unfamiliar with the service.,"• Create a clearly labelled Help Centre with FAQs, tutorials, and guides accessible from header or footer.",• Central help page with searchable FAQs and task-based guides.,• Scattered help links or no central support location.,"• Help content must be readable, keyboard accessible, and screen-reader friendly.",WCAG 2.2 SC 2.4.5; GIGW 3.0 Help & Documentation,A central help centre reduces support load and user abandonment.,Foundational,Designer,Medium Issue,Task success; Support dependency,Website (Desktop); Website (Mobile View); Mobile App,Global navigation; Footer,Help centre; FAQ pages,User assistance,Visual + Semantic,Manual,0.88,v3.0.0
HEL-002,"Help, Feedback, and Error Tolerance",Provide context-sensitive help,• Users need to leave their task to understand form fields or features.,"• Offer inline, contextual help linked to the current screen or input.",• “What is this?” tooltip beside complex field.,• Redirecting users to external help pages mid-task.,• Contextual help must be reachable by keyboard and announced to screen readers.,WCAG 2.2 SC 3.3.5; GIGW 3.0 Help & Support,Inline help reduces cognitive load and task interruption.,Optimizing,Designer,Medium Issue,Form completion; Error rate,Website (Desktop); Website (Mobile View); Mobile App,Forms; Feature screens,Tooltips; Inline hints,Complex interactions,Visual + Semantic,Manual,0.84,v3.0.0
HEL-003,"Help, Feedback, and Error Tolerance",Enable searchable help content,• Users cannot quickly locate relevant help information.,• Implement a searchable knowledge base within the help centre.,• Help search with auto-suggest and categorized results.,• Static FAQ list without search.,• Search must support keyboard navigation and clear result labelling.,WCAG 2.2 SC 2.4.6; GIGW 3.0 Self-service Support,Search improves self-service resolution and efficiency.,Optimizing,Designer; Developer,Medium Issue,Findability; Time on task,Website (Desktop); Website (Mobile View); Mobile App,Help centre,Search bar; Filters,Information lookup,Semantic + Behavioral,Manual,0.82,v3.0.0
HEL-004,"Help, Feedback, and Error Tolerance",Provide easy-to-access feedback forms,• Users lack a simple way to report issues or suggestions.,• Add low-friction feedback forms accessible from key screens.,• Floating feedback button with short form and confirmation.,• Hidden or overly long feedback forms.,"• Forms must have labels, error handling, and keyboard access.",WCAG 2.2 SC 3.3.2; GIGW 3.0 Feedback Mechanisms,Feedback channels support continuous improvement and trust.,Foundational,Designer; Developer,Medium Issue,User trust; Issue discovery,Website (Desktop); Website (Mobile View); Mobile App,Key task pages,Feedback widgets; Forms,Post-task reflection,Visual + Semantic,Manual,0.87,v3.0.0
HEL-005,"Help, Feedback, and Error Tolerance",Use short surveys or polls for experience feedback,• Lack of structured insight into user satisfaction.,"• Trigger short, optional micro-surveys at appropriate moments.",• 2-question survey after task completion with skip option.,• Long mandatory surveys interrupting tasks.,• Surveys must be dismissible and not trap keyboard focus.,WCAG 2.2 SC 3.2.2; GIGW 3.0 User Engagement,Lightweight surveys capture feedback without disrupting flow.,Advanced,Designer; Developer,Small Issue,Satisfaction; Engagement,Website (Desktop); Website (Mobile View); Mobile App,Post-task states,Surveys; Poll modals,Feedback collection,Behavioral,Manual,0.74,v3.0.0
HEL-006,"Help, Feedback, and Error Tolerance",Provide customer support contact options,• Users cannot escalate issues beyond self-help.,"• Expose clear contact options (email, phone, chat) under Help or Support, including availability and response timelines.","• Help page with helpline number, email ID, chat link, and service hours.",• No contact details or buried deep in legal pages.,• Contact links must be keyboard accessible and readable by screen readers.,WCAG 2.2 SC 2.4.5; GIGW 3.0 §5.4.3.4,Human support is critical for exception handling and trust in government services.,Foundational,Designer; Developer,Medium Issue,Trust; Task recovery,Website (Desktop); Website (Mobile View); Mobile App,Help; Footer; Error states,Contact cards; Support links,Escalation & assistance,Visual + Semantic,Manual,0.89,v3.0.0
HEL-007,"Help, Feedback, and Error Tolerance",Display clear and actionable error messages,• Users do not understand what failed or how to fix it.,• Show human-readable error messages near the source with corrective guidance.,• “Enter a valid 10-digit mobile number” shown inline.,• Generic errors like “Invalid input” or “API error.”,• Errors must be announced to screen readers and not rely on color alone.,"WCAG 2.2 SC 3.3.1, 3.3.3",Clear error messaging directly improves completion rates and reduces frustration.,Foundational,Designer; Developer,Big Issue,Error rate; Form completion,Website (Desktop); Website (Mobile View); Mobile App,Forms; Transactions,Error messages; Alerts,Error recovery,Visual + Semantic,Manual,0.92,v3.0.0
HEL-008,"Help, Feedback, and Error Tolerance",Allow undo or revert actions,• Users fear irreversible mistakes.,"• Provide undo, revert, or confirmation before destructive actions.",• “Undo delete” toast or “Revert changes” option.,• Immediate irreversible deletion without warning.,• Undo actions must be keyboard operable and time-bound cues announced.,GIGW 3.0 §5.4.4; WCAG 2.2 SC 3.3.4,Reversibility increases confidence and reduces abandonment in high-stakes flows.,Foundational,Designer; Developer,Big Issue,Error tolerance; Trust,Website (Desktop); Website (Mobile View); Mobile App,Data edit; Delete flows,Undo toasts; Confirm dialogs,Critical actions,Behavioral + Semantic,Manual,0.91,v3.0.0
HEL-009,"Help, Feedback, and Error Tolerance",Provide guided walkthroughs for new users,• New users struggle to understand features.,"• Offer optional, skippable onboarding walkthroughs or tours.",• First-time overlay highlighting key actions with skip option.,"• No onboarding or forced, unskippable tours.",• Walkthroughs must respect focus order and be dismissible.,WCAG 2.2 SC 3.3.5; GIGW 3.0 User Orientation,Guided onboarding reduces learning curve and early drop-off.,Optimizing,Designer; Developer,Medium Issue,Adoption; Learnability,Website (Desktop); Website (Mobile View); Mobile App,First-use screens,Tours; Overlays,Onboarding,Visual + Behavioral,Manual,0.83,v3.0.0
HEL-010,"Help, Feedback, and Error Tolerance",Use tooltips and hints for complex interactions,• Users are confused by unfamiliar controls.,"• Attach concise, accessible tooltips to complex elements.",• Tooltip on hover/focus explaining a form field.,• Hidden explanations or jargon-heavy help text.,• Tooltips must persist on focus and be screen-reader friendly.,WCAG 2.2 SC 1.4.13,Contextual hints reduce cognitive load without cluttering UI.,Optimizing,Designer; Developer,Medium Issue,Task clarity,Website (Desktop); Website (Mobile View); Mobile App,Forms; Advanced features,Tooltips; Hints,Complex tasks,Visual + Semantic,Manual,0.82,v3.0.0
HEL-011,"Help, Feedback, and Error Tolerance",Acknowledge user feedback immediately,• Users are unsure whether feedback was received.,• Show confirmation or thank-you message immediately after feedback submission.,• Confirmation screen or toast + optional email receipt.,• Silent submission with no acknowledgement.,• Status messages must be announced to assistive technologies.,WCAG 2.2 SC 4.1.3; GIGW 3.0 SC 3.6.1,Immediate acknowledgement builds trust and closes the feedback loop.,Foundational,Designer; Developer,Medium Issue,User trust; Engagement,Website (Desktop); Website (Mobile View); Mobile App,Feedback flows,Confirmation messages,Post-submission,Semantic,Manual,0.88,v3.0.0
HEL-012,"Help, Feedback, and Error Tolerance",Keep users informed about feedback status,• Users submit feedback but receive no visibility into progress or resolution.,• Provide status updates via email/SMS and allow tracking using a reference ID.,• “Feedback #1234 – Under Review” email with ETA.,• No acknowledgement after initial submission.,• Status messages must be programmatically announced and clearly labeled.,GIGW 3.0 SC 3.6.1; WCAG 2.2 SC 3.3.2,Transparency in grievance handling builds institutional trust and reduces repeat complaints.,Foundational,Designer; Developer,Medium Issue,Trust; Engagement,Website (Desktop); Website (Mobile View); Mobile App,Feedback; Grievance pages,Status indicators; Notifications,Feedback lifecycle,Semantic + Behavioral,Manual,0.89,v3.0.0
HEL-013,"Help, Feedback, and Error Tolerance",Communicate when feedback leads to improvements,• Users feel their feedback disappears into a void.,• Notify users when their input results in changes or enhancements.,"• “Based on your feedback, we improved…” email or in-app message.",• Silent changes without user acknowledgement.,"• Messages must be readable, concise, and accessible to screen readers.",GIGW 3.0 §8.2; WCAG 2.2 SC 3.3.3,Closing the feedback loop increases civic participation and long-term engagement.,Optimizing,Designer,Small Issue,Engagement; Loyalty,Website (Desktop); Website (Mobile View); Mobile App,Release notes; Notifications,Update messages,Participatory UX,Semantic,Manual,0.81,v3.0.0
HEL-014,"Help, Feedback, and Error Tolerance",Prevent data loss using auto-save,"• Users lose data due to crashes, timeouts, or connectivity issues.",• Auto-save form data locally or server-side at safe intervals.,• Draft restored after refresh or login.,• Complete data loss after reload.,• Auto-save must not trigger unexpected context changes.,WCAG 2.2 SC 3.3.4; GIGW 3.0 §6.4,Data loss in government services has direct real-world consequences.,Foundational,Developer; Designer,Big Issue,Task completion; Trust,Website (Desktop); Website (Mobile View); Mobile App,Forms; Applications,Auto-save logic,Long / critical tasks,Behavioral,Manual,0.93,v3.0.0
HEL-015,"Help, Feedback, and Error Tolerance",Provide recovery options for interrupted tasks,• Users cannot recover from session loss or interruptions.,"• Offer “Resume”, “Restore session”, or recovery prompts.",• “Resume application” banner on return.,• Forced restart of long tasks.,• Recovery prompts must be clearly announced and dismissible.,GIGW 3.0 §6.5; WCAG 2.2 SC 4.1.1,"Recovery is essential for high-stakes, multi-step government tasks.",Foundational,Developer; Designer,Big Issue,Completion rate; Friction,Website (Desktop); Website (Mobile View); Mobile App,Dashboards; Forms,Session restore,Interrupted flows,Behavioral + Semantic,Manual,0.92,v3.0.0
HEL-016,"Help, Feedback, and Error Tolerance",Ensure graceful degradation during failures,• Entire product fails when a single dependency breaks.,• Design fallback modes and meaningful error states.,• Form submission via email during API outage.,• Blank screens or system crash.,• Failure states must expose system status without technical jargon.,WCAG 2.2 SC 4.1.3; GIGW 3.0 §6.6,"Government systems must fail safely, not catastrophically.",Foundational,Developer; Designer,Big Issue,Reliability; Continuity,Website (Desktop); Website (Mobile View); Mobile App,Core services,Error states; Fallback UI,Partial outages,System + Semantic,Manual,0.94,v3.0.0
HEL-017,"Help, Feedback, and Error Tolerance",Provide self-service knowledge base,• Users depend entirely on support teams for basic issues.,"• Offer searchable FAQs, guides, and troubleshooting content.",• Knowledge base with filters and search.,• Scattered or outdated help content.,• Content must support keyboard navigation and headings.,GIGW 3.0 §8.3; WCAG 2.2 SC 2.4.5,Self-service reduces support load and empowers users.,Optimizing,Designer,Medium Issue,Efficiency; Support deflection,Website (Desktop); Website (Mobile View); Mobile App,Help center,Knowledge base,Common issues,Semantic,Manual,0.84,v3.0.0
HEL-018,"Help, Feedback, and Error Tolerance",Educate users with tips and tutorials,• Users misuse features due to lack of guidance.,"• Provide tips, articles, and short tutorials.",• “Did you know?” tips or short explainer videos.,• Dense manuals or no guidance at all.,• Educational content must meet readability and captioning norms.,WCAG 2.2 SC 3.1.5; GIGW 3.0 User Centricity,Education improves digital literacy and reduces errors.,Advanced,Designer; Developer,Small Issue,Adoption; Learnability,Website (Desktop); Website (Mobile View); Mobile App,Onboarding; Help,Tutorials; Tips,Skill-building,Semantic,Manual,0.78,v3.0.0
HEL-019,"Help, Feedback, and Error Tolerance",Ensure accessibility of help and feedback features,"• Help and feedback tools are unusable for users with disabilities due to missing keyboard support, labels, or roles.","• Design all help, feedback, and support components to meet WCAG requirements with semantic structure and ARIA support.","• Help center fully navigable via keyboard, screen readers announce form fields and status messages correctly.",• Feedback modal traps keyboard focus or lacks accessible labels.,"• All interactive elements must expose name, role, and value; avoid focus traps and ensure contrast compliance.","WCAG 2.1 SC 1.3.1, 2.1.1, 3.3.2, 4.1.2; WCAG 2.2; GIGW 3.0 Accessibility",Accessibility of support is a non-negotiable baseline in government services.,Foundational,Developer; Designer,Big Issue,Accessibility compliance; Task completion,Website (Desktop); Website (Mobile View); Mobile App,Help center; Feedback; Error UI,Forms; Modals; Help widgets,All help & recovery scenarios,Semantic + Behavioral,"Partial (linting, ARIA checks)",0.95,v3.0.0
HEL-020,"Help, Feedback, and Error Tolerance",Provide multilingual help and feedback resources,"• Support content is available only in a single language, excluding large user groups.",• Translate help and feedback resources into supported regional languages with consistent depth.,• User switches language and remains in same help article context.,• Language switch resets context or shows partial translations.,• Language of parts must be programmatically identifiable and switchable.,"WCAG 2.1 SC 3.1.1, 3.1.2; GIGW 3.0 Language Access",Linguistic accessibility is critical for equity and reach in public digital services.,Foundational,Designer; Developer,Medium Issue,Reach; Inclusion,Website (Desktop); Website (Mobile View); Mobile App,Help; Support; FAQs,Language switcher; Content,Multilingual user base,Semantic,Manual,0.88,v3.0.0
HEL-021,"Help, Feedback, and Error Tolerance",Implement automated error and crash reporting,• System errors and crashes go undetected until users complain.,"• Integrate automated error logging and monitoring with safe, anonymized reporting.",• Crash logged automatically and fallback UI shown to user.,• Silent crashes with no logging or user feedback.,• Error states must remain accessible and non-blocking.,GIGW 3.0 Website Monitoring; WCAG 2.2 SC 4.1.1; UX4G Error Intelligence,Proactive error detection reduces downtime and user frustration.,Optimizing,Developer; Designer,Medium Issue,Reliability; MTTR,Website (Desktop); Website (Mobile View); Mobile App,System-wide,Error logging; Fallback UI,Runtime failures,System + Behavioral,Manual (tool verification),0.86,v3.0.0
GSI-001,Government Service Integration,Identify relevant government services based on user needs,• Key government platforms are not evaluated or mapped to product objectives.,"• Conduct a structured feature-to-service mapping to identify applicable services (e.g., DigiLocker, myScheme, Bhashini, UMANG).",• DigiLocker mapped to certificate retrieval; myScheme mapped to eligibility discovery.,• Services integrated ad-hoc without user journey relevance.,• Service discovery content must be readable and non-cognitive overload.,GIGW 3.0 §3.1.2; DBIM §5.4.2,Prevents unnecessary integrations and ensures citizen-centric value.,Foundational,Product Owner; Designer; Developer,Medium,Task success; Adoption,Website; Mobile Web; Mobile App,Entry points; Post-task screens,CTAs; Service cards,Cross-journey,Documentary,Manual,0.92,v3.0.0
GSI-002,Government Service Integration,Define clear use cases for each integrated service,• Integrated services lack documented user value or interaction purpose.,"• Document user benefit, trigger point, and expected outcome for every service integration.",• “Fetch from DigiLocker” used only at document upload stage.,• Service exposed globally without task relevance.,• Clear purpose reduces cognitive burden for assistive tech users.,GIGW 3.0 §3.1.2; DBIM §5.4.2; WCAG 2.1 SC 1.3.1,"Ensures integrations are meaningful, not ornamental.",Foundational,Product Owner; Designer; Developer,Medium,Clarity; Conversion,Website; Mobile Web; Mobile App,Forms; Dashboards,Buttons; Flows,Task-driven,Documentary,Manual,0.9,v3.0.0
GSI-003,Government Service Integration,Follow official API documentation and standards,• APIs integrated without adhering to official specifications or limits.,• Integrate strictly as per NIC / MeitY API documentation and API Setu guidelines.,• Authenticated calls via API Setu with documented payloads.,• Hard-coded or reverse-engineered endpoints.,• Improper APIs can break assistive flows unexpectedly.,GIGW 3.0 §3.1.3; DBIM §5.4.3,"Prevents security, reliability, and audit failures.",Foundational,Developer,Big Issue,Reliability; Compliance,Website; Mobile Web; Mobile App,Backend-triggered UI,APIs,System-level,System + Documentary,Manual,0.97,v3.0.0
GSI-004,Government Service Integration,Ensure secure and compliant data exchange,• Data shared without encryption or regulatory compliance.,"• Enforce TLS 1.2+, payload encryption, and NIC security standards.",• Encrypted API calls with secure token handling.,• Plain-text or partially encrypted payloads.,• Security failures disproportionately harm vulnerable users.,"GIGW 3.0 §3.1.2, §3.4; DBIM §5.2.1; IT Act 2000",Protects citizen trust and legal compliance.,Foundational,Developer,Big Issue,Trust; Risk,Website; Mobile Web; Mobile App,Data exchange points,APIs,Sensitive data,System,Manual,0.98,v3.0.0
GSI-005,Government Service Integration,Obtain explicit user consent before data sharing,• User data shared with services without informed consent.,"• Capture explicit, contextual consent before invoking service APIs.",• Checkbox with clear purpose explanation before DigiLocker fetch.,• Silent background data exchange.,• Consent must be perceivable and screen-reader accessible.,GIGW 3.0 §7.5; WCAG 2.2 SC 3.3.4,Consent is mandatory for ethical and legal governance.,Foundational,Developer; Designer,Big Issue,Trust; Legal,Website; Mobile Web; Mobile App,Forms; Modals,Consent UI,Privacy-sensitive,Semantic + Behavioral,Partial,0.96,v3.0.0
GSI-006,Government Service Integration,Communicate role and benefits of integrated services,• Users do not understand why a service is used or how data is handled.,"• Explain service purpose, benefit, and data usage inline or via help cues.",• “Powered by DigiLocker” info tooltip near CTA.,• Hidden or vague service attribution.,• Clear explanations aid cognitive accessibility.,GIGW 3.0 §5.3,Transparency builds trust and reduces abandonment.,Foundational,Designer; Developer,Medium,Confidence; Completion,Website; Mobile Web,Forms; Info areas,Tooltips; Labels,Disclosure,Semantic,Manual,0.89,v3.0.0
GSI-007,Government Service Integration,Maintain UI consistency for integrated services,• Integrated services introduce foreign UI patterns or branding conflicts.,• Style all service-related UI using the product’s design system.,• DigiLocker button matches primary CTA style.,• Third-party UI embedded without adaptation.,• Consistency supports predictability for assistive users.,GIGW 3.0 §6.4; WCAG 2.1 SC 3.2.4,Prevents fragmentation of experience.,Optimizing,Designer; Developer,Medium,Usability,Website; Mobile Web; Mobile App,Integrated flows,Buttons; Forms,Visual,Visual,Manual,0.87,v3.0.0
GSI-008,Government Service Integration,Ensure intuitive navigation to integrated services,• Service access points are hidden or context-less.,• Place service entry points exactly where the task requires them.,• “Fetch from DigiLocker” shown after document requirement.,• Service link buried in unrelated menu.,• Predictable navigation reduces cognitive load.,GIGW 3.0 §6.3; WCAG 2.1 SC 3.2,Supports task-oriented journeys.,Optimizing,Designer; Developer,Medium,Efficiency,Website; Mobile Web; Mobile App,Task flows,Navigation; CTAs,Task-specific,Behavioral,Manual,0.88,v3.0.0
GSI-009,Government Service Integration,Provide onboarding guidance for integrated services,Users are unaware of how or why to use integrated government services.,"Provide first-time onboarding via banners, tooltips, walkthroughs, or contextual help explaining service value and steps.",First-time DigiLocker fetch shows a short explainer with steps and benefits.,Service invoked without any explanation or guidance.,"Onboarding must be skippable, readable by screen readers, and non-blocking.",GIGW 3.0 §6.2,Increases adoption and prevents early abandonment of integrations.,Optimizing,Designer; Developer,Medium,Adoption; Task completion,Website (Desktop); Website (Mobile View); Mobile App,First-use flows; Forms,Modals; Tooltips; Banners,First-time use,Behavioral + Visual,Partial,0.88,v3.0.0
GSI-010,Government Service Integration,Leverage Bhashini for multilingual access,Integrated services are usable only in limited languages.,Integrate Bhashini APIs to support content or real-time language translation with clear language switching controls.,User can switch interface language using Bhashini-powered toggle.,Language support limited to English despite multilingual audience.,Language switch must preserve context and be programmatically defined.,GIGW 3.0 §6.1,Ensures linguistic inclusion at national scale.,Foundational,Developer; Designer,Medium,Reach; Inclusivity,Website; Mobile Web; Mobile App,Global UI,Language switchers,Language context,System + Semantic,Partial,0.93,v3.0.0
GSI-011,Government Service Integration,Ensure accessibility compliance of integrated services,Integrated services introduce WCAG violations.,"Audit all service-related UI for WCAG 2.1 AA compliance including keyboard access, contrast, and ARIA semantics.",Integrated DigiLocker UI passes keyboard and screen reader tests.,Third-party UI blocks keyboard navigation.,"Must comply with WCAG 2.1 AA across perceivable, operable, understandable, robust principles.",GIGW 3.0 §6.0; WCAG 2.1 AA,Accessibility compliance is non-negotiable in government services.,Foundational,Developer; Designer,Big Issue,Legal risk; Accessibility,Website; Mobile Web; Mobile App,Integrated flows,All interactive components,Assistive use,Manual,Partial,0.97,v3.0.0
GSI-012,Government Service Integration,Communicate updates and changes in integrated services,"Users are unaware of service changes, downtime, or security updates.","Inform users proactively via banners, alerts, or update logs when services change or are unavailable.",Banner shown during DigiLocker maintenance window.,Service fails silently or without explanation.,Status updates must be announced via ARIA live regions.,GIGW 3.0 §5.7,Prevents confusion and loss of trust during service disruptions.,Optimizing,Designer; Developer,Medium,Trust; Reliability,Website; Mobile Web; Mobile App,Affected journeys,Alert banners,Change events,Documentary + Behavioral,Partial,0.89,v3.0.0
GSI-013,Government Service Integration,Provide help and documentation for integrated services,Users lack support resources for service-specific issues.,"Offer FAQs, guides, and troubleshooting specific to each integrated service.",Dedicated help section for DigiLocker and Bhashini usage.,Generic help content without service coverage.,Help content must be accessible and readable.,GIGW 3.0 §4.5; WCAG 2.1 SC 3.3.5,Reduces support load and user frustration.,Optimizing,Designer; Developer,Medium,Self-service success,Website; Mobile Web; Mobile App,Help center,Knowledge base,Problem-solving,Documentary,Manual,0.87,v3.0.0
GSI-014,Government Service Integration,Design architecture for scalable integrations,System cannot easily support new or growing service integrations.,"Use modular, API-first architecture with service abstraction layers.",New service added via wrapper without UI rework.,Hard-coded integrations requiring major refactor.,Scalability issues can indirectly impact accessibility performance.,GIGW 3.0 – Scalability,Enables long-term sustainability and performance.,Advanced,Developer,Medium,Performance; Maintainability,All platforms,System-wide,APIs; Middleware,Growth,System,Manual,0.91,v3.0.0
GSI-015,Government Service Integration,Plan for future government service integrations,Product lacks forward-looking integration strategy.,Maintain roadmap tracking emerging government APIs and platforms.,Roadmap includes JanSamarth and future APISetu releases.,No awareness of upcoming services.,Future integrations must inherit accessibility and consent baselines.,GIGW 3.0 – Emerging Tech,Prevents stagnation and ensures policy alignment.,Advanced,Product Owner; Developer,Small,Innovation readiness,All platforms,Strategic planning,Architecture,Future state,Documentary,Manual,0.85,v3.0.0
OF-001,Offline Functionality,Identify and support critical offline use cases,Offline-critical user scenarios are not identified or supported.,"Conduct research to identify low-connectivity contexts and design offline-safe workflows (drafts, partial completion).",User can fill forms and save drafts without connectivity.,Form becomes unusable when network drops.,Offline affordances must be announced via status messages and not rely on color alone.,GIGW 3.0 MAFR-03,India-scale services must assume unreliable connectivity by default.,Foundational,Designer; Developer,Big Issue,Task completion; Drop-off,Website (Mobile View); Mobile App,Forms; Applications,Forms; Drafts,Low-bandwidth,Documentary + Behavioral,Partial,0.95,v3.0.0
OF-002,Offline Functionality,Implement automatic data synchronization,"Offline data is not reliably synced, causing loss or duplication.",Use background sync mechanisms with conflict resolution and deduplication logic.,Draft auto-syncs once connection restores.,User must re-enter lost data.,Sync status must be programmatically conveyed (ARIA live).,GIGW 3.0 MAFR-03,Prevents data loss and trust erosion.,Foundational,Developer,Big Issue,Data integrity; Trust,Website; Mobile Web; Mobile App,Forms; Profiles,Sync engine,Connectivity regain,System,Partial,0.96,v3.0.0
OF-003,Offline Functionality,Provide manual sync control,Users lack control over when data syncs.,Provide a visible “Sync Now” option when connectivity is available.,User taps “Sync Now” after reconnecting.,Sync happens silently with no user control.,Sync controls must be keyboard and screen-reader accessible.,GIGW 3.0 MAFR-03,Empowers users in low-trust network conditions.,Optimizing,Designer; Developer,Medium,User control; Confidence,Website; Mobile Web; Mobile App,Settings; Status areas,Buttons; Menus,Reconnection,Visual + Behavioral,Partial,0.88,v3.0.0
OF-004,Offline Functionality,Notify users about sync status,Users are unaware of sync success or failure.,Display clear success/failure notifications with retry affordances.,Toast shows “Sync completed successfully”.,Sync fails silently.,Notifications must meet WCAG 4.1.3 (Status Messages).,GIGW 3.0 MAFR-03; WCAG 2.1,Reduces anxiety and repeat actions.,Optimizing,Designer; Developer,Medium,Trust; Error recovery,Website; Mobile Web; Mobile App,All sync flows,Toasts; Banners,Post-sync,Visual + Semantic,Partial,0.9,v3.0.0
OF-005,Offline Functionality,Maintain UI consistency in offline mode,Offline mode breaks UI patterns or flows.,Preserve layout and interactions; disable only network-dependent actions with clear states.,Same UI with disabled submit button + offline label.,Entire screen replaced with error page.,Disabled states must be announced to assistive tech.,GIGW 3.0; WCAG 2.1 §3.2,Predictability reduces cognitive load.,Optimizing,Designer; Developer,Medium,Usability; Predictability,Website; Mobile Web; Mobile App,All pages,Buttons; Navigation,Offline state,Visual + Behavioral,Partial,0.89,v3.0.0
OF-006,Offline Functionality,Provide meaningful fallback content,Offline users see blank or broken screens.,Cache visited pages and show placeholders or last-known data with offline indicators.,Cached scheme details visible offline.,White screen with generic error.,Offline messages must be readable by screen readers.,GIGW 3.0 Lifecycle Mgmt,Ensures continuity of use.,Foundational,Developer; Designer,Big Issue,Retention; Completion,Website; Mobile Web; Mobile App,Content pages,Cache; Placeholders,Offline browsing,System + Visual,Partial,0.94,v3.0.0
OF-007,Offline Functionality,Show clear offline error messaging,Users receive generic or technical errors when offline.,"Display contextual, human-readable offline messages with next steps.",“You’re offline. Submit when connected.”,“Network error 504.”,Error messages must follow WCAG 3.3.1 & 3.3.3.,GIGW 3.0; WCAG 2.1,Improves error recovery and comprehension.,Optimizing,Designer; Developer,Medium,Error recovery,Website; Mobile Web; Mobile App,Forms; Actions,Alerts,Offline actions,Automated,High,0.92,v3.0.0
OF-008,Offline Functionality,Retry failed operations automatically,Users must manually redo failed actions.,Queue failed operations locally and auto-retry on reconnection with status feedback.,Form auto-submits when network returns.,User must resubmit manually.,Retry actions must be cancelable and announced.,GIGW 3.0 MAFR-03,Minimizes user effort and frustration.,Foundational,Developer,Big Issue,Task success; Satisfaction,Website; Mobile Web; Mobile App,Submissions,Queues; Sync,Reconnection,System,Partial,0.96,v3.0.0
OF-009,Offline Functionality,Test product thoroughly in online and offline modes,Offline functionality breaks due to lack of systematic testing across connectivity states.,"Validate all critical flows using offline simulations and network throttling to ensure caching, sync, retry, and error handling behave correctly.","Forms, drafts, cached pages, and sync flows behave as expected when switching between offline and online modes.",Features appear to work in production but fail silently when network drops.,"Offline testing must include keyboard navigation, screen reader output, and status message announcements.",GIGW 3.0 – Functional Requirements; BIS IS 17802:2022 (Part 1),Offline capability is unreliable without explicit testing under real network constraints common in India.,Foundational,Developers; Designers,Big Issue,Reliability; Trust; Task completion,Website (Desktop); Website (Mobile View); Mobile App,Forms; Dashboards; Content pages,Service workers; Sync engine,Network fluctuation,System + Behavioral,Partial,0.97,v3.0.0
OF-010,Offline Functionality,Provide in-product documentation for offline usage,"Users are unaware of how offline features work, how to sync, or what limitations exist.","Clearly explain offline behavior, manual sync steps, and limitations through help sections, tooltips, or inline guidance.","Help section explains offline drafts, auto-sync timing, and manual “Sync Now” action.",Offline features exist but users discover them accidentally or misuse them.,"Documentation must be readable, concise, and accessible to screen readers (WCAG 3.1, 3.3).","GIGW 3.0 MAFR-03; WCAG 2.1 §3.1, §3.3; BIS IS 17802:2022",Transparency builds confidence and prevents data loss or misuse of offline features.,Optimizing,Designers; Developers,Medium,User confidence; Error prevention,Website (Desktop); Website (Mobile View); Mobile App,Help; Settings; Forms,Tooltips; Help panels,Offline usage,Documentary,Low,0.85,v3.0.0
DVI-001,Data Visualisations & Infographics,Use simple and non-overwhelming visual design,Overly complex charts overwhelm users and reduce comprehension.,"Prefer simple chart types, minimal colors, and flat visual styles to communicate data clearly.",Bar or line charts with limited colors and clear spacing.,"Overloaded charts with gradients, shadows, and excessive annotations.",Predictable layouts reduce cognitive load and support WCAG Understandable principle.,"GIGW 3.0 – Visual Design; WCAG 2.1 §3.2, §3.3; BIS IS 17802:2022",Simplicity improves comprehension for diverse literacy levels common in public services.,Optimizing,Designers; Developers,Medium,Readability; Cognitive load,Website (Desktop); Website (Mobile View); Mobile App,Dashboards; Reports,Charts; Infographics,Data interpretation,Visual + Structural,Partial,0.9,v3.0.0
DVI-002,Data Visualisations & Infographics,Provide text alternatives for charts and graphs,Non-text data is inaccessible to screen reader users.,"Add alt text, long descriptions, or tabular equivalents for all charts.",Chart followed by an accessible data table or descriptive summary.,Chart presented only visually with no text alternative.,Mandatory for screen readers (WCAG 1.1.1).,WCAG 2.1 §1.1.1; GIGW 3.0 – Accessibility,Ensures equal access to data insights.,Foundational,Designers; Developers,Big Issue,Accessibility compliance,Website (Desktop); Website (Mobile View); Mobile App,Dashboards; Reports,Charts,Assistive tech usage,Semantic + Content,High,0.98,v3.0.0
DVI-003,Data Visualisations & Infographics,Ensure sufficient color contrast in data visuals,Low contrast makes data unreadable for many users.,Maintain ≥3:1 contrast for graphics and ≥4.5:1 for text.,Clearly visible labels and data points with strong contrast.,Pale colors blending into background.,Supports low-vision and color-blind users.,"WCAG 2.1 §1.4.3, §1.4.11; GIGW 3.0",Contrast failures are a common accessibility violation.,Foundational,Designers; Developers,Big Issue,Accessibility; Legibility,Website (Desktop); Website (Mobile View); Mobile App,Dashboards,Charts,Visual perception,Visual,High,0.97,v3.0.0
DVI-004,Data Visualisations & Infographics,Make charts screen-reader compatible,Charts are not announced meaningfully by assistive tech.,"Use semantic HTML, ARIA labels, and accessible chart libraries.",<figure> with caption and aria-descriptions.,Canvas-only charts with no accessibility layer.,Required for WCAG Robust principle.,"WCAG 2.1 §1.1, §4.1; GIGW 3.0; BIS IS 17802",Prevents exclusion of blind users from data.,Foundational,Designers; Developers,Big Issue,Accessibility,Website (Desktop); Website (Mobile View); Mobile App,Dashboards,Charts,Assistive tech,Semantic,High,0.96,v3.0.0
DVI-005,Data Visualisations & Infographics,Maintain consistent color and typography,Inconsistent styling reduces trust and usability.,Apply design system tokens across all visualisations.,Uniform fonts and colors across dashboards.,Each chart uses different fonts and palettes.,Consistency aids predictability (WCAG 3.2).,GIGW 3.0 – Branding; BIS IS 17802,Visual consistency strengthens credibility.,Optimizing,Designers; Developers,Small,Brand trust; UX coherence,Website (Desktop); Website (Mobile View); Mobile App,Dashboards,Charts,Cross-page consistency,Visual,High,0.88,v3.0.0
DVI-006,Data Visualisations & Infographics,"Use consistent scales, legends, and labels",Users misinterpret data due to inconsistent references.,"Standardize axes, legends, and labeling for similar charts.",Same units and legend order across charts.,Different scales used for similar datasets.,Consistency supports understandability.,BIS IS 17802; GIGW 3.0; WCAG 2.1 §3.2.4,Enables accurate comparison and analysis.,Optimizing,Designers; Developers,Medium,Data accuracy,Website (Desktop); Website (Mobile View); Mobile App,Dashboards,Charts,Comparative analysis,Visual,Partial,0.89,v3.0.0
DVI-007,Data Visualisations & Infographics,Provide interactive exploration affordances,Static visuals limit insight discovery.,"Add tooltips, hover states, and drilldowns with explanations.",Hover tooltip showing exact values.,Interactive elements without explanation or focus support.,Interactions must be keyboard accessible.,GIGW 3.0; BIS IS 17802,Interactivity improves data literacy when accessible.,Optimizing,Designers; Developers,Medium,Engagement; Insight discovery,Website (Desktop); Website (Mobile View); Mobile App,Dashboards,Interactive charts,Exploration,Behavioral,Partial,0.87,v3.0.0
DVI-008,Data Visualisations & Infographics,Ensure responsiveness across devices,Charts break or become unreadable on small screens.,Use responsive SVG/canvas and test reflow behavior.,Chart resizes and reflows cleanly on mobile.,Horizontal scroll or clipped labels on mobile.,Required under WCAG Reflow.,WCAG 2.1 §1.4.10; GIGW 3.0; BIS IS 17802,Mobile access is critical for Indian users.,Foundational,Designers; Developers,Medium,Mobile usability,Website (Desktop); Website (Mobile View); Mobile App,Dashboards,Charts,Device adaptability,Visual,High,0.94,v3.0.0
DVI-009,Data Visualisations & Infographics,Use descriptive titles and labels,Users lack context for interpreting data.,Add concise titles and clearly labeled axes/series.,“Monthly Enrolments by District (2025)”.,Generic titles like “Chart 1”.,Supports WCAG Info & Relationships.,WCAG 2.1 §1.3.1; GIGW 3.0; BIS IS 17802,Context is essential for correct interpretation.,Foundational,Designers; Developers,Medium,Comprehension,Website (Desktop); Website (Mobile View); Mobile App,Dashboards; Reports,Charts,Data understanding,Content,High,0.95,v3.0.0
PO-001,Performance Optimization,Minimize HTTP requests via bundling,Excessive HTTP requests slow page loads.,Bundle CSS and JS using tools like Webpack or Gulp to reduce request count.,Single bundled CSS/JS file per page.,Dozens of unbundled CSS/JS files loaded.,Faster loading benefits users on slow networks and assistive tech.,GIGW 3.0 – Performance Optimization,Reduces latency and improves first paint time.,Optimizing,Developers,Medium,Load time; TTFB,Website (Desktop); Website (Mobile View),All pages,CSS; JS,Network performance,Automated,High,0.93,v3.0.0
PO-002,Performance Optimization,Lazy load media assets,Large assets block initial render.,"Use lazy loading for images, videos, and heavy media.",Images load only when scrolled into view.,All images load immediately on page load.,Reduces cognitive wait time and improves usability.,GIGW 3.0 §6.4.1; BIS IS 17802:2021 §7.3,Improves perceived performance significantly.,Optimizing,Developers,Medium,LCP; Page weight,Website; Mobile App,Media-heavy pages,Images; Video,Initial load,Automated,High,0.94,v3.0.0
PO-003,Performance Optimization,Load JavaScript asynchronously,Render-blocking JS delays content display.,Use async or defer for non-critical JS.,Scripts loaded with defer attribute.,JS blocks HTML rendering.,Faster rendering helps screen reader flow.,GIGW 3.0; BIS IS 17802:2022 §6.2.1,Improves first contentful paint.,Optimizing,Developers,Medium,FCP; Render time,Website; Mobile App,All pages,JS,Rendering,Automated,High,0.95,v3.0.0
PO-004,Performance Optimization,Use responsive image techniques,Oversized images waste bandwidth.,Implement srcset and sizes for adaptive image delivery.,Different image sizes served per device.,Same large image served to all devices.,Prevents zooming and reflow issues.,GIGW 3.0; BIS IS 17802:2022 §6.3.3,Saves data and improves clarity.,Optimizing,Developers; Designers,Medium,Page weight; LCP,Website; Mobile App,Media pages,Images,Device adaptability,Automated,High,0.94,v3.0.0
PO-005,Performance Optimization,Compress images,Large images slow downloads.,"Compress images using TinyPNG, ImageOptim, etc.",Optimized images under size budget.,Uncompressed high-resolution images.,Faster load aids users with cognitive load issues.,GIGW 3.0; BIS IS 17802:2022 §6.3.3,Improves speed without quality loss.,Optimizing,Developers,Medium,Page size,Website; Mobile App,Media pages,Images,Asset optimization,Automated,High,0.93,v3.0.0
PO-006,Performance Optimization,Use next-gen image formats,Legacy formats increase payload size.,Use WebP/AVIF with fallbacks.,WebP images served to modern browsers.,Only JPG/PNG used everywhere.,Improves speed on low bandwidth connections.,GIGW 3.0; BIS IS 17802:2022 §6.3.3,Better compression efficiency.,Optimizing,Developers,Medium,Page weight; LCP,Website; Mobile App,Media pages,Images,Asset optimization,Automated,High,0.92,v3.0.0
PO-007,Performance Optimization,Leverage browser caching,Assets are repeatedly downloaded.,Set cache-control and expires headers.,Static assets cached for long durations.,No caching headers set.,Improves experience for repeat users.,GIGW 3.0; BIS IS 17802:2022 §6.3.4,Reduces redundant network calls.,Optimizing,Developers,Medium,Repeat load time,Website; Mobile App,All pages,Static assets,Network efficiency,Automated,High,0.94,v3.0.0
PO-008,Performance Optimization,Use CDN for static assets,Single server increases latency.,Serve static files via CDN.,Assets served from nearest CDN node.,All assets served from origin server.,Improves access speed across geographies.,GIGW 3.0; BIS IS 17802:2022 §7.2.1,Reduces latency and improves resilience.,Optimizing,Developers,Medium,Latency; Availability,Website; Mobile App,All pages,Static assets,Infrastructure,Automated,High,0.93,v3.0.0
PO-009,Performance Optimization,"Minify CSS, JS, and HTML",Unminified code increases payload size.,Minify code using build tools.,Minified production bundles.,Readable dev code shipped to users.,Faster load benefits all users.,GIGW 3.0; BIS IS 17802:2022 §6.3.5,Reduces transfer size.,Optimizing,Developers,Medium,Page weight,Website; Mobile App,All pages,Code,Build optimization,Automated,High,0.95,v3.0.0
PO-010,Performance Optimization,Remove unused CSS and JS,Dead code bloats bundles.,Use PurgeCSS / tree shaking.,Only used styles/scripts shipped.,Large unused libraries included.,Improves performance on low-end devices.,GIGW 3.0; BIS IS 17802:2022 §6.3.5,Keeps frontend lean.,Optimizing,Developers,Medium,Bundle size,Website; Mobile App,All pages,CSS; JS,Code hygiene,Automated,High,0.92,v3.0.0
PO-011,Performance Optimization,Inline critical CSS,Above-the-fold content loads slowly.,Inline critical CSS; defer rest.,Above-the-fold content styled immediately.,Full CSS blocks rendering.,Improves perceived speed.,GIGW 3.0; BIS IS 17802:2022 §6.3.5,Faster first render.,Optimizing,Developers,Medium,FCP; LCP,Website; Mobile App,Landing pages,CSS,Rendering,Automated,High,0.93,v3.0.0
PO-012,Performance Optimization,Optimize database queries,Slow queries degrade response times.,"Optimize queries, reduce redundancy.","Indexed, efficient queries.",Full table scans for common queries.,Faster responses reduce user wait time.,"GIGW 3.0 §3.2, §3.4; BIS IS 17802:2022 §6.3.8",Backend performance is critical.,Foundational,Developers,Big Issue,Response time,Website; Mobile App,Data-driven pages,Backend,Data access,Manual,Medium,0.9,v3.0.0
PO-013,Performance Optimization,Use appropriate database indexing,Missing indexes slow queries.,Index frequently queried columns.,Queries use indexed fields.,Queries scan entire tables.,Improves reliability and speed.,GIGW 3.0 §3.2; BIS IS 17802:2022 §6.3.8,Essential for scalability.,Foundational,Developers,Big Issue,Query time,Website; Mobile App,Data-driven pages,Backend,Data access,Manual,Medium,0.91,v3.0.0
PO-014,Performance Optimization,Implement query caching,Repeated queries overload DB.,Cache frequent query results.,Cached responses for common queries.,Same query executed repeatedly.,Improves stability under load.,"GIGW 3.0 §3.2, §3.4; BIS IS 17802:2022 §6.3.8",Reduces backend strain.,Optimizing,Developers,Medium,Server load,Website; Mobile App,Data-driven pages,Backend,Caching,Manual,Medium,0.89,v3.0.0
PO-015,Performance Optimization,Enable HTTP/2,Legacy HTTP limits throughput.,Enable HTTP/2 for multiplexing and compression.,HTTP/2 enabled on server.,HTTP/1.1 still in use.,Improves performance on all devices.,GIGW 3.0 §3.2.2,Modern protocol improves efficiency.,Optimizing,Developers,Medium,Network efficiency,Website; Mobile App,All pages,Network,Infrastructure,Manual,Medium,0.9,v3.0.0
PO-016,Performance Optimization,Enable file compression (Gzip/Brotli),Large payloads increase transfer time.,Enable Gzip or Brotli compression at server/CDN level. Prefer Brotli where supported.,"Brotli enabled for text assets (HTML, CSS, JS).",No compression headers; raw files transferred.,Faster downloads benefit users on low bandwidth and assistive tech.,GIGW 3.0 §3.2.2,Reduces payload size significantly.,Optimizing,Developers,Medium,Page weight; Load time,Website; Mobile App,All pages,Network,Network transfer,Manual,Medium,0.91,v3.0.0
PO-017,Performance Optimization,Implement load balancing,Single-server dependency causes latency and downtime.,Distribute traffic across multiple servers using load balancers.,Requests routed across healthy nodes.,All traffic routed to one server.,Improves availability for all users.,GIGW 3.0 §3.4.1; BIS IS 17802 Pt.2 §6.4,Ensures reliability under load.,Foundational,Developers,Big Issue,Availability; Response time,Website; Mobile App,All pages,Infrastructure,High traffic,Automated,High,0.93,v3.0.0
PO-018,Performance Optimization,Ensure full responsiveness across devices,Poor responsiveness breaks usability on small screens.,"Use responsive layouts, media queries, and flexible grids.",Layout adapts correctly across devices.,Horizontal scrolling or broken layouts.,Supports WCAG reflow and zoom users.,GIGW 3.0 §3.1.2; WCAG 2.1 SC 1.4.10,Core usability requirement.,Foundational,Developers; Designers,Big Issue,CLS; Usability,Website; Mobile App,All pages,Layout,Device diversity,Automated,High,0.94,v3.0.0
PO-019,Performance Optimization,Optimize touch interactions,Small targets cause interaction errors on mobile.,Use minimum 48×48px touch targets and intuitive gestures.,Buttons sized for touch accuracy.,Tiny links close together.,Improves accessibility for motor impairments.,WCAG 2.1 SC 2.5.5,Prevents mis-taps and errors.,Foundational,Developers; Designers,Big Issue,Interaction errors,Website; Mobile App,Interactive pages,Buttons; Controls,Mobile usage,Automated,High,0.95,v3.0.0
PO-020,Performance Optimization,Use real-time performance monitoring tools,Performance issues go undetected.,"Integrate GA, Firebase, or Clarity for live monitoring.",Dashboards track load and interaction metrics.,No monitoring or alerts configured.,Enables proactive fixes before user impact.,GIGW 3.0 §3.6.1; BIS IS 17802:2022 Pt.3,Continuous optimization loop.,Optimizing,Developers,Medium,LCP; Errors,Website; Mobile App,All pages,Monitoring,Live usage,Manual,Medium,0.9,v3.0.0
PO-021,Performance Optimization,Use feedback to guide optimization,User-reported issues ignored.,Analyse performance feedback and prioritise fixes.,Feedback leads to measurable improvements.,Feedback collected but unused.,Improves trust and perceived saying.,GIGW 3.0 §4.1.5; BIS IS 17802 Pt.3,User-centric improvement.,Optimizing,Developers; Designers,Medium,Satisfaction; Load time,Website; Mobile App,All pages,Feedback,Continuous improvement,Manual,Medium,0.88,v3.0.0
PO-022,Performance Optimization,Implement error logging tools,Errors remain invisible to teams.,Use tools like Sentry or LogRocket with alerts.,Errors logged with stack traces.,Errors only visible to users.,Faster fixes reduce user disruption.,GIGW 3.0 §3.6.1; BIS IS 17802 Pt.3,Essential for stability.,Foundational,Developers,Big Issue,Error rate,Website; Mobile App,All pages,Error handling,Runtime failures,Manual,High,0.94,v3.0.0
PO-023,Performance Optimization,Use crash reporting tools,Crashes cause silent failures.,"Implement crash reporters (Sentry, Bugsnag).",Crashes auto-reported with context.,Crashes require manual discovery.,Improves reliability for all users.,GIGW 3.0 §3.6.1; BIS IS 17802 Pt.3,Prevents systemic instability.,Foundational,Developers,Big Issue,Crash rate,Website; Mobile App,All pages,Stability,Runtime crashes,Manual,High,0.93,v3.0.0
PO-024,Performance Optimization,Preload critical resources,Late loading of fonts/scripts delays render.,"Use <link rel=""preload""> for key assets.",Fonts and hero CSS preloaded.,Fonts loaded late causing FOIT.,Improves perceived speed.,GIGW 3.0 §3.4.1,Faster first paint.,Optimizing,Developers,Medium,FCP; LCP,Website; Mobile App,Landing pages,Fonts; CSS,Rendering priority,Automated,High,0.92,v3.0.0
PO-025,Performance Optimization,Load critical content first,Secondary content blocks main content.,Prioritise above-the-fold content; async rest.,Main content visible immediately.,Ads/scripts block rendering.,Reduces cognitive waiting.,GIGW 3.0 §3.4.1; BIS IS 17802 Pt.3,Improves perceived performance.,Optimizing,Developers; Designers,Medium,LCP; TTI,Website; Mobile App,Content pages,Content loading,Perceived speed,Automated,High,0.93,v3.0.0
PO-026,Performance Optimization,Ensure animations are smooth (no jank),Janky animations degrade UX and performance.,Use CSS transforms or requestAnimationFrame.,Smooth 60fps animations.,JS-heavy animations stutter.,Reduces motion-related discomfort.,GIGW 3.0 §3.3.2; WCAG 2.1 SC 3.2.2,Maintains interaction quality.,Optimizing,Developers; Designers,Medium,FPS; Responsiveness,Website; Mobile App,Animated pages,Animations,Interaction feedback,Manual,Medium,0.89,v3.0.0
PO-027,Performance Optimization,Provide processing feedback,Users unsure if action is working.,"Show loaders, spinners, or progress indicators.",Spinner shown during submission.,No feedback during wait.,Supports cognitive accessibility.,GIGW 3.0 §3.3.2; WCAG 2.1 SC 3.2.2,Reduces perceived wait.,Optimizing,Developers; Designers,Medium,Task completion,Website; Mobile App,Forms; Actions,Feedback UI,Waiting states,Manual,Medium,0.91,v3.0.0
PO-028,Performance Optimization,Monitor performance & reliability processes,Issues not addressed systematically.,"Establish monitoring, alerts, and incident response.",SLA-based monitoring active.,No defined monitoring ownership.,Improves service continuity.,GIGW 3.0 Lifecycle Mgmt; UX4G Handbook,Governance requirement.,Foundational,Developers,Medium,Uptime; Errors,Website; Mobile App,Critical flows,Infrastructure,Reliability,Manual,Medium,0.88,v3.0.0
PO-029,Performance Optimization,Ensure product reliability (no broken links),Broken links reduce trust and task success.,Run periodic automated link and flow checks.,No broken links in audits.,Frequent 404s and dead ends.,Prevents navigation failures.,WCAG 2.1 SC 4.1.1; GIGW 3.0 SC 2.10.1,Core quality bar.,Foundational,Developers,Big Issue,Error rate,Website; Mobile App,All pages,Links; Routing,Content integrity,Automated,High,0.95,v3.0.0
PO-030,Performance Optimization,Optimize content delivery for slow networks,Heavy content penalises low-bandwidth users.,"Optimize images, text, and delivery via CDN.",Lightweight pages on 3G.,Large images without optimization.,Supports inclusion in low-connectivity regions.,GIGW 3.0 SC 5.4.3; BIS IS 17802 SC 6.2,Equity and reach.,Optimizing,Developers; Designers,Medium,Load time,Website; Mobile App,Media pages,Content delivery,Network constraints,Manual,Medium,0.9,v3.0.0
PO-031,Performance Optimization,Preload essential content,Essential assets load too late.,"Preload critical CSS, fonts, and first-screen data.",First screen interactive quickly.,Blank or unstyled first screen.,Improves TTI for assistive tech users.,GIGW 3.0 SC 6.3.1; DBIM 7.2.2,Faster task start.,Optimizing,Developers; Designers,Medium,TTI; FCP,Website; Mobile App,Entry pages,Fonts; CSS,Initial experience,Manual,Medium,0.91,v3.0.0
AL-001,Analytics,Integrate relevant analytics systems,Lack of analytics prevents evidence-based decisions.,"Integrate analytics covering behaviour, engagement, and performance aligned with objectives.",GA4/Firebase capturing behaviour and performance metrics.,No analytics or partial tracking only.,Analytics should not interfere with assistive tech performance.,GIGW 3.0 §4.2.3; BIS IS 17802 Pt.4,Measurement is prerequisite for optimisation.,Foundational,Developers,Medium,Engagement; Performance,Website; Mobile App,All pages,Analytics layer,Live usage,Manual,Medium,0.92,v3.0.0
AL-002,Analytics,Define clear KPIs aligned to objectives,Success cannot be measured without KPIs.,"Identify KPIs aligned with service goals (usage, retention, task success).",KPIs documented and tracked regularly.,Metrics collected without linkage to goals.,Enables outcome-focused accessibility improvements.,GIGW 3.0 §4.2.4,Ensures accountability and focus.,Foundational,Designers,Medium,Goal completion; Retention,Website; Mobile App,All pages,Reporting,Strategic review,Manual,Medium,0.91,v3.0.0
AL-003,Analytics,Use heatmaps and session recordings,UX issues remain invisible without behavioural insight.,Use heatmaps/session recordings to identify friction.,Clarity/Hotjar reveals rage clicks and dead zones.,No behavioural visualisation tools used.,Must anonymise recordings and mask sensitive data.,GIGW 3.0 §4.2.3; BIS IS 17802 Pt.4,Reveals real user pain points.,Optimizing,Developers; Designers,Medium,Interaction quality,Website; Mobile App,Key journeys,UI surfaces,Usability diagnostics,Manual,Medium,0.89,v3.0.0
AL-004,Analytics,Track key user events,Critical actions are not measurable.,Define and implement event tracking for key actions.,Button clicks and form submits tracked.,Only pageviews tracked.,Events should not rely on inaccessible controls.,GIGW 3.0 §4.2.3; WCAG 2.1 SC 4.1.2,Enables funnel and journey analysis.,Foundational,Developers,Medium,Conversions,Website; Mobile App,Action pages,Buttons; Forms,Task completion,Manual,Medium,0.93,v3.0.0
AL-005,Analytics,Segment users for deeper insights,Aggregate data hides meaningful patterns.,"Segment users by behaviour, device, and usage patterns.",New vs returning user analysis available.,All users analysed as one group.,Helps detect accessibility issues across segments.,GIGW 3.0 §4.2.3; BIS IS 17802 Pt.4,Improves targeting and prioritisation.,Optimizing,Designers,Big Issue,Retention; Engagement,Website; Mobile App,All pages,Analytics,Behaviour analysis,Manual,High,0.94,v3.0.0
AL-006,Analytics,Obtain user consent for analytics,Data collection without consent violates trust.,Implement consent mechanisms before tracking.,Analytics fires only after consent.,Tracking loads before consent.,Essential for inclusive and ethical data use.,GIGW 3.0 §5.1,Legal and ethical requirement.,Foundational,Developers; Designers,Big Issue,Compliance,Website; Mobile App,Entry pages,Consent UI,Privacy,Manual,High,0.96,v3.0.0
AL-007,Analytics,Anonymise user data,Identifiable data risks privacy breaches.,Enable IP anonymisation and avoid PII.,IP masking enabled; no PII stored.,Raw IPs and identifiers stored.,Builds trust with vulnerable users.,GIGW 3.0 §5.1; BIS IS 17802 Pt.4,Balances insight with privacy.,Foundational,Developers,Medium,Data safety,Website; Mobile App,All pages,Analytics,Privacy protection,Manual,Medium,0.92,v3.0.0
AL-008,Analytics,Communicate data practices clearly,Users unaware of data usage.,"Publish clear, accessible privacy policy.",Privacy policy linked prominently.,Hidden or outdated privacy notice.,Required for informed consent.,GIGW 3.0 §5.1; BIS IS 17802 Pt.4,Transparency builds trust.,Foundational,Developers; Designers,Big Issue,Trust; Compliance,Website; Mobile App,Global footer,Legal content,Transparency,Manual,High,0.95,v3.0.0
AL-009,Analytics,Use real-time analytics,Delayed insights slow incident response.,Enable real-time dashboards and alerts.,Live error spikes visible instantly.,Only historical reports used.,Faster fixes reduce accessibility regressions.,GIGW 3.0 §4.2.3,Improves responsiveness.,Optimizing,Developers,Medium,Error rate; Load,Website; Mobile App,All pages,Monitoring,Live traffic,Manual,Medium,0.9,v3.0.0
AL-010,Analytics,Integrate crash reporting,Crashes go unnoticed without reporting.,Use crash/error reporting tools.,JS crashes logged with context.,Users report crashes manually.,Prevents repeated failures for assistive users.,GIGW 3.0 §4.3; BIS IS 17802 Pt.4,System stability requirement.,Foundational,Developers,Big Issue,Crash rate,Website; Mobile App,All pages,Runtime,Error states,Manual,High,0.94,v3.0.0
AL-011,Analytics,Analyse user flows and drop-offs,Drop-offs remain unexplained.,Use funnel and flow analysis.,Clear drop-off points identified.,No journey analysis performed.,Helps identify cognitive overload areas.,GIGW 3.0 §4.2.3,Improves task success.,Optimizing,Developers; Designers,Medium,Completion rate,Website; Mobile App,Key journeys,Navigation,User journeys,Manual,Medium,0.91,v3.0.0
AL-012,Analytics,Create custom dashboards,Raw data is hard to interpret.,Build dashboards for key KPIs.,Looker/Power BI dashboards in use.,Stakeholders rely on raw exports.,Clear dashboards support inclusive decision-making.,GIGW 3.0 §4.2.3,Improves governance visibility.,Optimizing,Designers,Medium,KPI visibility,Website; Mobile App,Management views,Reporting,Decision support,Manual,Medium,0.89,v3.0.0
AL-013,Analytics,Generate periodic performance reports,Trends are missed without regular review.,Automate weekly/monthly reports.,Reports shared with teams regularly.,"Ad-hoc, inconsistent reviews.",Enables sustained quality improvements.,GIGW 3.0 §4.2.3,Supports continuous improvement.,Optimizing,Designers,Medium,Trends,Website; Mobile App,All pages,Reporting,Governance,Manual,Medium,0.88,v3.0.0
AL-014,Analytics,Conduct A/B testing,Decisions made without experimentation.,Run controlled experiments on key flows.,CTA variants tested with metrics.,Changes shipped without testing.,Tests must not reduce accessibility.,GIGW 3.0 §4.2.3; BIS IS 17802 Pt.4,Evidence-driven optimisation.,Advanced,Developers; Designers,Small,Conversion,Website; Mobile App,High-impact pages,UI variants,Optimisation,Manual,Low,0.85,v3.0.0
AL-015,Analytics,Track usage of help & feedback features,Support issues not optimised.,Track interactions with help/feedback systems.,Search terms and drop-offs analysed.,Help usage unmeasured.,Improves inclusive support quality.,GIGW 3.0; UX4G Handbook,Closes feedback loop.,Optimizing,Developers,Small,Support effectiveness,Website; Mobile App,Help pages,Help systems,User support,Manual,Medium,0.87,v3.0.0
SM-001,Side/Profile/Avatar Menu,Thumb-zone optimised menu placement,Menu placement reduces reachability for single-handed use.,Place menu trigger in thumb-friendly zone with platform conventions and sufficient target size.,Menu icon reachable with one thumb and ≥48dp touch target.,Menu icon too small or unreachable on large screens.,Target size ≥48dp; contrast ≥4.5:1.,GIGW 3.0 §5.1; WCAG 2.1 SC 2.5.5,Improves mobile ergonomics and discoverability.,Foundational,Designers; Developers,Medium,Navigation efficiency,Mobile App,All screens,Menu trigger,One-handed use,Visual + Interaction,Medium,0.93,v3.0.0
SM-002,Side/Profile/Avatar Menu,Display personalised user identity,Lack of identity reduces trust and context.,"Show user name, avatar, and account metadata clearly.",Name + avatar + status visible at top.,Generic placeholder or missing identity.,Proper labels for screen readers.,WCAG 2.1 SC 1.3.1; GIGW 3.0,Builds user confidence and orientation.,Optimizing,Designers,Small,Trust; Engagement,Mobile App,Menu,Profile header,Logged-in state,Visual,Low,0.88,v3.0.0
SM-003,Side/Profile/Avatar Menu,Logical grouping of navigation items,Poor grouping increases cognitive load.,Group items by user tasks and mental models.,"Clear sections: Profile, Services, Support, Settings.",Flat list with no grouping.,Heading hierarchy must be programmatic.,WCAG 2.1 SC 2.4.6; GIGW 3.0,Improves findability and comprehension.,Foundational,Designers,Medium,Task success,Mobile App,Menu,Navigation list,Task-based use,Structural,Medium,0.94,v3.0.0
SM-004,Side/Profile/Avatar Menu,"Clear, action-oriented menu labels",Ambiguous labels reduce usability.,"Use concise, action-based, user-friendly labels.","“Edit Profile”, “View Transactions”.","Vague terms like “Profile”, “Info”.",Labels must be screen-reader friendly.,WCAG 2.1 SC 2.4.6,Reduces ambiguity and errors.,Foundational,Designers,Medium,Comprehension,Mobile App,Menu,Menu items,First-time users,Content,Medium,0.95,v3.0.0
SM-005,Side/Profile/Avatar Menu,Maintain shallow navigation depth,Deep nesting increases cognitive burden.,Limit menu depth to 2–3 levels.,All items reachable within 3 taps.,Multiple nested sub-menus.,Focus order must remain logical.,WCAG 2.1 SC 2.4.8; GIGW 3.0,Supports quick access and clarity.,Optimizing,Designers,Medium,Navigation speed,Mobile App,Menu,Navigation hierarchy,Frequent use,Structural,Medium,0.91,v3.0.0
SM-006,Side/Profile/Avatar Menu,Prioritise high-frequency actions,Important actions buried in menu.,Place frequent actions prominently.,Notifications and logout easily accessible.,Logout hidden deep in menu.,Multiple ways to access key actions.,WCAG 2.1 SC 2.4.5,Improves efficiency and satisfaction.,Optimizing,Designers; Developers,Medium,Efficiency,Mobile App,Menu,Priority actions,Repeated use,Interaction,Medium,0.9,v3.0.0
SM-007,Side/Profile/Avatar Menu,User identity at top of menu,Context missing before navigation.,Place avatar and name at top of menu.,Profile header visible before items.,Identity shown at bottom or hidden.,Semantic grouping required.,WCAG 2.1 SC 1.3.1,Establishes context immediately.,Optimizing,Designers,Small,Orientation,Mobile App,Menu,Profile header,Logged-in users,Visual,Low,0.87,v3.0.0
SM-008,Side/Profile/Avatar Menu,Comprehensive account management options,Missing essential account functions.,"Provide profile, security, accessibility, support, and logout options.",Full account management available.,Partial or fragmented options.,All options must be keyboard accessible.,GIGW 3.0 §5.1,Ensures completeness of service.,Foundational,Designers; Developers,Medium,Task completion,Mobile App,Menu,Account section,Authenticated users,Functional,Medium,0.96,v3.0.0
SM-009,Side/Profile/Avatar Menu,Easy access to support resources,Help content hard to find.,"Surface FAQs, contact, and guides in menu.",Dedicated Help section visible.,Support buried deep or external.,Help content must meet WCAG AA.,WCAG 2.1 SC 3.3.2; GIGW 3.0,Reduces user frustration.,Optimizing,Designers,Medium,Support resolution,Mobile App,Menu,Help section,Error recovery,Content,Medium,0.92,v3.0.0
SM-010,Side/Profile/Avatar Menu,Display organisational metadata,Lack of transparency about app ownership.,Provide About section with org and version info.,About screen with version and ownership.,No app or org information.,Readable text and clear labels.,GIGW 3.0 §5.1.9,Builds institutional trust.,Optimizing,Designers,Small,Trust,Mobile App,Menu,About section,Compliance,Content,Low,0.89,v3.0.0
SM-011,Side/Profile/Avatar Menu,Privacy controls and consent management,Users cannot manage privacy preferences.,Provide granular privacy and consent controls.,Privacy dashboard with toggles.,No privacy controls available.,Must comply with WCAG & DPDP Act.,GIGW 3.0 §5.4; DPDP Act 2023,Legal and ethical requirement.,Foundational,Developers,Big Issue,Compliance,Mobile App,Menu,Privacy settings,Data handling,Functional,High,0.97,v3.0.0
SM-012,Side/Profile/Avatar Menu,Re-authentication for sensitive actions,Sensitive actions insufficiently protected.,Require password/biometric for critical actions.,Step-up auth for security changes.,Sensitive actions without verification.,Authentication flows must be accessible.,GIGW 3.0 Cybersecurity; WCAG 2.1,Prevents misuse and fraud.,Foundational,Developers,Big Issue,Security,Mobile App,Menu,Security actions,High-risk tasks,Functional,High,0.98,v3.0.0
SM-013,Side/Profile/Avatar Menu,High-performance menu interactions,Slow or janky menu degrades UX.,Ensure sub-300ms open/close with smooth animations.,Menu opens smoothly under 200ms.,Laggy or stuttering menu.,Motion must respect user preferences.,GIGW 3.0 Performance; WCAG 2.1,Maintains perceived quality.,Optimizing,Developers,Big Issue,Performance,Mobile App,Menu,Menu animation,Low-end devices,Technical,High,0.95,v3.0.0
ACC-001,Accessibility,Multi-lingual support,Content unavailable or inconsistent across languages.,"Provide fully translated, equally updated content across Indian languages.",Language toggle with parity across all pages.,Partial translations or mixed languages in one section.,Use correct lang attributes per page/section.,"GIGW 3.0 §2.4.1; WCAG 2.1 SC 3.1.1, 3.1.2; BIS IS 17428:2020",Ensures linguistic accessibility and inclusion.,Foundational,Developers,Medium,Reach; Inclusivity,"Website (Desktop), Website (Mobile View), Mobile App",All pages,Language switcher; Content blocks,Multilingual users,Structural + Content,Medium,0.94,v3.0.0
ACC-002,Accessibility,Sufficient text–background contrast,Poor contrast reduces readability.,Maintain minimum contrast ratios for text and UI elements.,Text contrast ≥4.5:1 (normal text).,Light grey text on white background.,Required for low-vision users.,"WCAG 2.1 SC 1.4.3, 1.4.6; BIS IS 17802:2022",Improves legibility and reduces eye strain.,Foundational,Designers; Developers,Big Issue,Readability; Task success,"Website (Desktop), Website (Mobile View), Mobile App",All pages,Text; Buttons; Icons,Visual impairment,Visual,High,0.97,v3.0.0
ACC-003,Accessibility,WCAG compliance (overall),Partial or inconsistent WCAG adherence.,Ensure WCAG 2.1/2.2 AA compliance across UI.,Fully operable via keyboard and screen reader.,Content inaccessible without mouse.,"Covers perceivable, operable, understandable, robust principles.",WCAG 2.1; GIGW 3.0 §3.1,Legal and policy compliance requirement.,Foundational,Designers; Developers,Big Issue,Compliance; Usability,"Website (Desktop), Website (Mobile View), Mobile App",All pages,Entire UI,All users,Multi-evidence,High,0.98,v3.0.0
ACC-004,Accessibility,Assistive technology compatibility,Screen readers or ATs cannot access UI correctly.,"Implement semantic HTML, ARIA, and proper focus order.",Login form usable with NVDA/VoiceOver.,Screen reader skips form fields.,ARIA roles must not override native semantics unnecessarily.,"WCAG 2.1 SC 2.1.1, 2.4.3, 2.4.7; GIGW 3.0",Enables independent use by disabled users.,Foundational,Designers; Developers,Big Issue,Accessibility success,"Website (Desktop), Website (Mobile View), Mobile App",Auth pages; Forms,Forms; Modals,Assistive tech users,Functional,High,0.96,v3.0.0
ACC-005,Accessibility,Keyboard navigation support,Mouse-dependent interactions block access.,Ensure full keyboard operability for all controls.,Entire flow navigable using Tab/Enter.,Focus trapped in modal.,Visible focus indicators mandatory.,"WCAG 2.1 SC 2.1.1, 2.1.2, 2.4.7",Critical for motor-impaired users.,Foundational,Designers; Developers,Big Issue,Task completion,"Website (Desktop), Website (Mobile View), Mobile App",All pages,Interactive elements,Keyboard-only users,Interaction,High,0.97,v3.0.0
ACC-006,Accessibility,Ease of use for low-experience users,Complex UI overwhelms novice users.,"Use simple layouts, guidance, and confirmations.",Step-by-step flows with clear feedback.,Dense UI with unclear actions.,Plain language and predictable behavior required.,GIGW 3.0 SC 2.3.1; DBIM,Improves digital inclusion.,Optimizing,Designers; Developers,Medium,Completion rate,"Website (Desktop), Website (Mobile View)",Task flows,UI layout,Low-literacy users,Behavioral,Medium,0.9,v3.0.0
ACC-007,Accessibility,Accessible list items,Screen readers cannot interpret list structure.,Use semantic lists or ARIA list roles.,<ul><li> with proper labels.,Div-based lists without roles.,Required for structural clarity.,WCAG 2.1 SC 1.3.1; BIS IS 17802:2022,Preserves information relationships.,Foundational,Developers,Big Issue,Screen reader success,"Website (Desktop), Website (Mobile View), Mobile App",Lists,Lists,Assistive tech,Structural,High,0.95,v3.0.0
ACC-008,Accessibility,Accessible sorting controls,Sorting state not conveyed to screen readers.,Implement aria-sort and descriptive labels.,Screen reader announces sort order.,Sort changes silently.,Required for non-visual users.,"WCAG 2.1 SC 1.3.1, 4.1.2; BIS IS 17802:2022",Ensures data comprehension.,Optimizing,Developers,Medium,Data usability,"Website (Desktop), Website (Mobile View), Mobile App",Data views,Sort controls,Assistive tech,Functional,Medium,0.91,v3.0.0
ACC-009,Accessibility,Accessible form design,Forms lack labels or sufficient contrast.,Use programmatic labels and compliant contrast.,<label for> used correctly.,Placeholder-only labels.,Errors must be announced to screen readers.,"WCAG 2.1 SC 3.3.2, 1.4.3; GIGW 3.0",Prevents form abandonment.,Foundational,Designers; Developers,Big Issue,Form success,"Website (Desktop), Website (Mobile View), Mobile App",Forms,Input fields,Visual & cognitive impairment,Functional,High,0.98,v3.0.0
ACC-010,Accessibility,Keyboard-accessible form elements,Form controls unusable without mouse.,Ensure all form elements support keyboard input.,Complete form via keyboard alone.,Cannot submit via Enter/Space.,Focus order must follow visual order.,"WCAG 2.1 SC 2.1.1, 2.1.2",Enables independent completion.,Foundational,Developers,Big Issue,Conversion,"Website (Desktop), Website (Mobile View), Mobile App",Forms,Form controls,Keyboard users,Interaction,High,0.97,v3.0.0
ACC-011,Accessibility,ARIA landmarks usage,Page structure unclear to screen readers.,Use semantic regions or ARIA landmarks.,"Proper use of <main>, <nav>, <header>.",Entire page built with <div>.,Landmarks must be unique and meaningful.,"WCAG 2.1 SC 1.3.1, 4.1.2; GIGW 3.0 §5.2.6",Improves navigation efficiency.,Optimizing,Developers,Big Issue,Screen reader navigation,"Website (Desktop), Website (Mobile View), Mobile App",All pages,Layout regions,Assistive tech,Structural,High,0.94,v3.0.0